"EventID","MachineName","Data","Index","Category","CategoryNumber","EntryType","Message","Source","ReplacementStrings","InstanceId","TimeGenerated","TimeWritten","UserName","Site","Container"
"7040","DESKTOP-RA8FOLI","System.Byte[]","1722","(0)","0","Information","The start type of the Background Intelligent Transfer Service service was changed from auto start to demand start.","Service Control Manager","System.String[]","1073748864","11/13/2023 6:57:15 PM","11/13/2023 6:57:15 PM","NT AUTHORITY\SYSTEM",,
"19","DESKTOP-RA8FOLI","System.Byte[]","1721","(1)","1","Information","Installation Successful: Windows successfully installed the following update: Update for Microsoft Defender Antivirus antimalware platform - KB4052623 (Version 4.18.23100.2009)","Microsoft-Windows-WindowsUpdateClient","System.String[]","19","11/13/2023 6:55:38 PM","11/13/2023 6:55:38 PM","NT AUTHORITY\SYSTEM",,
"6","DESKTOP-RA8FOLI","System.Byte[]","1720","(0)","0","Information","File System Filter 'WdFilter' (10.0, 2086-05-12T21:12:26.000000000Z) has successfully loaded and registered with Filter Manager.","Microsoft-Windows-FilterManager","System.String[]","6","11/13/2023 6:55:29 PM","11/13/2023 6:55:29 PM","NT AUTHORITY\SYSTEM",,
"1","DESKTOP-RA8FOLI","System.Byte[]","1719","(0)","0","Information","File System Filter 'WdFilter' (Version 10.0, 1973-06-10T22:59:02.000000000Z) unloaded successfully.","Microsoft-Windows-FilterManager","System.String[]","1","11/13/2023 6:55:27 PM","11/13/2023 6:55:27 PM","NT AUTHORITY\SYSTEM",,
"43","DESKTOP-RA8FOLI","System.Byte[]","1718","(1)","1","Information","Installation Started: Windows has started installing the following update: Update for Microsoft Defender Antivirus antimalware platform - KB4052623 (Version 4.18.23100.2009)","Microsoft-Windows-WindowsUpdateClient","System.String[]","43","11/13/2023 6:55:26 PM","11/13/2023 6:55:26 PM","NT AUTHORITY\SYSTEM",,
"44","DESKTOP-RA8FOLI","System.Byte[]","1717","(1)","1","Information","Windows Update started downloading an update.","Microsoft-Windows-WindowsUpdateClient","System.String[]","44","11/13/2023 6:55:26 PM","11/13/2023 6:55:26 PM","NT AUTHORITY\SYSTEM",,
"44","DESKTOP-RA8FOLI","System.Byte[]","1716","(1)","1","Information","Windows Update started downloading an update.","Microsoft-Windows-WindowsUpdateClient","System.String[]","44","11/13/2023 6:55:14 PM","11/13/2023 6:55:14 PM","NT AUTHORITY\SYSTEM",,
"16","DESKTOP-RA8FOLI","System.Byte[]","1715","(0)","0","Information","The description for Event ID '16' in Source 'Microsoft-Windows-Kernel-General' cannot be found.  The local computer may not have the necessary registry information or message DLL files to display the message, or you may not have permission to access them.  The following information is part of the event:'119', '\??\C:\Windows\ServiceProfiles\NetworkService\AppData\Local\Microsoft\Windows\DeliveryOptimization\State\dosvcState.dat', '4', '1'","Microsoft-Windows-Kernel-General","System.String[]","16","11/13/2023 6:55:11 PM","11/13/2023 6:55:11 PM","NT AUTHORITY\SYSTEM",,
"16","DESKTOP-RA8FOLI","System.Byte[]","1714","(0)","0","Information","The description for Event ID '16' in Source 'Microsoft-Windows-Kernel-General' cannot be found.  The local computer may not have the necessary registry information or message DLL files to display the message, or you may not have permission to access them.  The following information is part of the event:'118', '\??\C:\Windows\ServiceProfiles\NetworkService\AppData\Local\Microsoft\Windows\DeliveryOptimization\State\migration.dat', '4', '1'","Microsoft-Windows-Kernel-General","System.String[]","16","11/13/2023 6:55:11 PM","11/13/2023 6:55:11 PM","NT AUTHORITY\SYSTEM",,
"7040","DESKTOP-RA8FOLI","System.Byte[]","1713","(0)","0","Information","The start type of the Background Intelligent Transfer Service service was changed from demand start to auto start.","Service Control Manager","System.String[]","1073748864","11/13/2023 6:54:03 PM","11/13/2023 6:54:03 PM","NT AUTHORITY\SYSTEM",,
"7040","DESKTOP-RA8FOLI","System.Byte[]","1712","(0)","0","Information","The start type of the Background Intelligent Transfer Service service was changed from auto start to demand start.","Service Control Manager","System.String[]","1073748864","11/13/2023 6:51:00 PM","11/13/2023 6:51:00 PM","NT AUTHORITY\SYSTEM",,
"16","DESKTOP-RA8FOLI","System.Byte[]","1711","(0)","0","Information","The description for Event ID '16' in Source 'Microsoft-Windows-Kernel-General' cannot be found.  The local computer may not have the necessary registry information or message DLL files to display the message, or you may not have permission to access them.  The following information is part of the event:'90', '\??\C:\Users\champuser\AppData\Local\Packages\InputApp_cw5n1h2txyewy\Settings\settings.dat', '2', '1'","Microsoft-Windows-Kernel-General","System.String[]","16","11/13/2023 6:47:37 PM","11/13/2023 6:47:37 PM","NT AUTHORITY\SYSTEM",,
"10016","DESKTOP-RA8FOLI","System.Byte[]","1710","(0)","0","Error","The description for Event ID '10016' in Source 'DCOM' cannot be found.  The local computer may not have the necessary registry information or message DLL files to display the message, or you may not have permission to access them.  The following information is part of the event:'application-specific', 'Local', 'Launch', 'Windows.SecurityCenter.SecurityAppBroker', 'Unavailable', 'NT AUTHORITY', 'SYSTEM', 'S-1-5-18', 'LocalHost (Using LRPC)', 'Unavailable', 'Unavailable'","DCOM","System.String[]","10016","11/13/2023 6:46:52 PM","11/13/2023 6:46:52 PM","NT AUTHORITY\SYSTEM",,
"10016","DESKTOP-RA8FOLI","System.Byte[]","1709","(0)","0","Error","The description for Event ID '10016' in Source 'DCOM' cannot be found.  The local computer may not have the necessary registry information or message DLL files to display the message, or you may not have permission to access them.  The following information is part of the event:'application-specific', 'Local', 'Launch', 'Windows.SecurityCenter.WscBrokerManager', 'Unavailable', 'NT AUTHORITY', 'SYSTEM', 'S-1-5-18', 'LocalHost (Using LRPC)', 'Unavailable', 'Unavailable'","DCOM","System.String[]","10016","11/13/2023 6:46:52 PM","11/13/2023 6:46:52 PM","NT AUTHORITY\SYSTEM",,
"16","DESKTOP-RA8FOLI","System.Byte[]","1708","(0)","0","Information","The description for Event ID '16' in Source 'Microsoft-Windows-Kernel-General' cannot be found.  The local computer may not have the necessary registry information or message DLL files to display the message, or you may not have permission to access them.  The following information is part of the event:'107', '\??\C:\Users\champuser\AppData\Local\Packages\Microsoft.Windows.Cortana_cw5n1h2txyewy\Settings\settings.dat', '35', '7'","Microsoft-Windows-Kernel-General","System.String[]","16","11/13/2023 6:45:24 PM","11/13/2023 6:45:24 PM","NT AUTHORITY\SYSTEM",,
"16","DESKTOP-RA8FOLI","System.Byte[]","1707","(0)","0","Information","The description for Event ID '16' in Source 'Microsoft-Windows-Kernel-General' cannot be found.  The local computer may not have the necessary registry information or message DLL files to display the message, or you may not have permission to access them.  The following information is part of the event:'119', '\??\C:\Users\champuser\AppData\Local\Packages\Microsoft.Windows.ShellExperienceHost_cw5n1h2txyewy\Settings\settings.dat', '3', '1'","Microsoft-Windows-Kernel-General","System.String[]","16","11/13/2023 6:45:24 PM","11/13/2023 6:45:24 PM","NT AUTHORITY\SYSTEM",,
"16","DESKTOP-RA8FOLI","System.Byte[]","1706","(0)","0","Information","The description for Event ID '16' in Source 'Microsoft-Windows-Kernel-General' cannot be found.  The local computer may not have the necessary registry information or message DLL files to display the message, or you may not have permission to access them.  The following information is part of the event:'67', '\??\C:\Users\champuser\AppData\Local\Microsoft\Windows\UsrClass.dat', '591', '137'","Microsoft-Windows-Kernel-General","System.String[]","16","11/13/2023 6:45:22 PM","11/13/2023 6:45:22 PM","NT AUTHORITY\SYSTEM",,
"16","DESKTOP-RA8FOLI","System.Byte[]","1705","(0)","0","Information","The description for Event ID '16' in Source 'Microsoft-Windows-Kernel-General' cannot be found.  The local computer may not have the necessary registry information or message DLL files to display the message, or you may not have permission to access them.  The following information is part of the event:'33', '\??\C:\Users\champuser\ntuser.dat', '951', '113'","Microsoft-Windows-Kernel-General","System.String[]","16","11/13/2023 6:45:22 PM","11/13/2023 6:45:22 PM","NT AUTHORITY\SYSTEM",,
"7001","DESKTOP-RA8FOLI","System.Byte[]","1704","(1101)","1101","Information","User Logon Notification for Customer Experience Improvement Program","Microsoft-Windows-Winlogon","System.String[]","7001","11/13/2023 6:45:22 PM","11/13/2023 6:45:22 PM","NT AUTHORITY\SYSTEM",,
"16","DESKTOP-RA8FOLI","System.Byte[]","1703","(0)","0","Information","The description for Event ID '16' in Source 'Microsoft-Windows-Kernel-General' cannot be found.  The local computer may not have the necessary registry information or message DLL files to display the message, or you may not have permission to access them.  The following information is part of the event:'35', '\SystemRoot\System32\config\DRIVERS', '32', '17'","Microsoft-Windows-Kernel-General","System.String[]","16","11/13/2023 6:45:14 PM","11/13/2023 6:45:14 PM","NT AUTHORITY\SYSTEM",,
"7040","DESKTOP-RA8FOLI","System.Byte[]","1702","(0)","0","Information","The start type of the Background Intelligent Transfer Service service was changed from demand start to auto start.","Service Control Manager","System.String[]","1073748864","11/13/2023 6:45:12 PM","11/13/2023 6:45:12 PM","NT AUTHORITY\SYSTEM",,
"16","DESKTOP-RA8FOLI","System.Byte[]","1701","(0)","0","Information","The description for Event ID '16' in Source 'Microsoft-Windows-Kernel-General' cannot be found.  The local computer may not have the necessary registry information or message DLL files to display the message, or you may not have permission to access them.  The following information is part of the event:'41', '\??\C:\Windows\System32\config\COMPONENTS', '15', '6'","Microsoft-Windows-Kernel-General","System.String[]","16","11/13/2023 6:44:59 PM","11/13/2023 6:44:59 PM","NT AUTHORITY\SYSTEM",,
"7026","DESKTOP-RA8FOLI","System.Byte[]","1700","(0)","0","Information","The following boot-start or system-start driver(s) did not load: 
dam","Service Control Manager","System.String[]","3221232498","11/13/2023 6:44:51 PM","11/13/2023 6:44:51 PM",,,
"51046","DESKTOP-RA8FOLI","System.Byte[]","1699","(4)","4","Information","DHCPv6 client service is started","Microsoft-Windows-DHCPv6-Client","System.String[]","51046","11/13/2023 6:44:50 PM","11/13/2023 6:44:50 PM","NT AUTHORITY\LOCAL SERVICE",,
"50103","DESKTOP-RA8FOLI","System.Byte[]","1698","(4)","4","Information","DHCPv4 client registered for shutdown notification","Microsoft-Windows-Dhcp-Client","System.String[]","50103","11/13/2023 6:44:50 PM","11/13/2023 6:44:50 PM","NT AUTHORITY\LOCAL SERVICE",,
"50036","DESKTOP-RA8FOLI","System.Byte[]","1697","(4)","4","Information","DHCPv4 client service is started","Microsoft-Windows-Dhcp-Client","System.String[]","50036","11/13/2023 6:44:50 PM","11/13/2023 6:44:50 PM","NT AUTHORITY\LOCAL SERVICE",,
"6","DESKTOP-RA8FOLI","System.Byte[]","1696","(0)","0","Information","File System Filter 'storqosflt' (10.0, 2004-08-10T11:55:11.000000000Z) has successfully loaded and registered with Filter Manager.","Microsoft-Windows-FilterManager","System.String[]","6","11/13/2023 6:44:50 PM","11/13/2023 6:44:50 PM","NT AUTHORITY\SYSTEM",,
"6","DESKTOP-RA8FOLI","System.Byte[]","1695","(0)","0","Information","File System Filter 'CldFlt' (10.0, 2063-01-20T09:09:30.000000000Z) has successfully loaded and registered with Filter Manager.","Microsoft-Windows-FilterManager","System.String[]","6","11/13/2023 6:44:50 PM","11/13/2023 6:44:50 PM","NT AUTHORITY\SYSTEM",,
"1","DESKTOP-RA8FOLI","System.Byte[]","1694","(0)","0","Information","File System Filter 'CldFlt' (Version 10.0, 2063-01-20T09:09:30.000000000Z) unloaded successfully.","Microsoft-Windows-FilterManager","System.String[]","1","11/13/2023 6:44:50 PM","11/13/2023 6:44:50 PM","NT AUTHORITY\SYSTEM",,
"6","DESKTOP-RA8FOLI","System.Byte[]","1693","(0)","0","Information","File System Filter 'CldFlt' (10.0, 2063-01-20T09:09:30.000000000Z) has successfully loaded and registered with Filter Manager.","Microsoft-Windows-FilterManager","System.String[]","6","11/13/2023 6:44:50 PM","11/13/2023 6:44:50 PM","NT AUTHORITY\SYSTEM",,
"6","DESKTOP-RA8FOLI","System.Byte[]","1692","(0)","0","Information","File System Filter 'luafv' (10.0, 2004-12-24T22:21:01.000000000Z) has successfully loaded and registered with Filter Manager.","Microsoft-Windows-FilterManager","System.String[]","6","11/13/2023 6:44:50 PM","11/13/2023 6:44:50 PM","NT AUTHORITY\SYSTEM",,
"6","DESKTOP-RA8FOLI","System.Byte[]","1691","(0)","0","Information","File System Filter 'wcifs' (10.0, 2020-10-01T01:39:06.000000000Z) has successfully loaded and registered with Filter Manager.","Microsoft-Windows-FilterManager","System.String[]","6","11/13/2023 6:44:50 PM","11/13/2023 6:44:50 PM","NT AUTHORITY\SYSTEM",,
"16","DESKTOP-RA8FOLI","System.Byte[]","1690","(0)","0","Information","The description for Event ID '16' in Source 'Microsoft-Windows-Kernel-General' cannot be found.  The local computer may not have the necessary registry information or message DLL files to display the message, or you may not have permission to access them.  The following information is part of the event:'54', '\??\C:\Windows\ServiceProfiles\LocalService\NTUSER.DAT', '55', '16'","Microsoft-Windows-Kernel-General","System.String[]","16","11/13/2023 6:44:50 PM","11/13/2023 6:44:50 PM","NT AUTHORITY\SYSTEM",,
"16","DESKTOP-RA8FOLI","System.Byte[]","1689","(0)","0","Information","The description for Event ID '16' in Source 'Microsoft-Windows-Kernel-General' cannot be found.  The local computer may not have the necessary registry information or message DLL files to display the message, or you may not have permission to access them.  The following information is part of the event:'31', '\SystemRoot\System32\Config\BBI', '52', '12'","Microsoft-Windows-Kernel-General","System.String[]","16","11/13/2023 6:44:50 PM","11/13/2023 6:44:50 PM","NT AUTHORITY\SYSTEM",,
"16","DESKTOP-RA8FOLI","System.Byte[]","1688","(0)","0","Information","The description for Event ID '16' in Source 'Microsoft-Windows-Kernel-General' cannot be found.  The local computer may not have the necessary registry information or message DLL files to display the message, or you may not have permission to access them.  The following information is part of the event:'56', '\??\C:\Windows\ServiceProfiles\NetworkService\NTUSER.DAT', '63', '18'","Microsoft-Windows-Kernel-General","System.String[]","16","11/13/2023 6:44:50 PM","11/13/2023 6:44:50 PM","NT AUTHORITY\SYSTEM",,
"16983","DESKTOP-RA8FOLI","System.Byte[]","1687","(0)","0","Information","The security account manager is now logging periodic summary events for remote clients that call legacy password change or set RPC methods.

For more information please see https://go.microsoft.com/fwlink/?linkid=2150956.
","Microsoft-Windows-Directory-Services-SAM","System.String[]","16983","11/13/2023 6:44:50 PM","11/13/2023 6:44:50 PM","NT AUTHORITY\SYSTEM",,
"16977","DESKTOP-RA8FOLI","System.Byte[]","1686","(0)","0","Information","The domain is configured with the following minimum password length-related settings.

MinimumPasswordLength: 0

MinimumPasswordLengthAudit: -1

For more information see https://go.microsoft.com/fwlink/?LinkId=2097191.
","Microsoft-Windows-Directory-Services-SAM","System.String[]","16977","11/13/2023 6:44:50 PM","11/13/2023 6:44:50 PM","NT AUTHORITY\SYSTEM",,
"16","DESKTOP-RA8FOLI","System.Byte[]","1685","(0)","0","Information","The description for Event ID '16' in Source 'Microsoft-Windows-Kernel-General' cannot be found.  The local computer may not have the necessary registry information or message DLL files to display the message, or you may not have permission to access them.  The following information is part of the event:'31', '\SystemRoot\System32\Config\SAM', '67', '7'","Microsoft-Windows-Kernel-General","System.String[]","16","11/13/2023 6:44:50 PM","11/13/2023 6:44:50 PM","NT AUTHORITY\SYSTEM",,
"16962","DESKTOP-RA8FOLI","System.Byte[]","1684","(0)","0","Information","Remote calls to the SAM database are being restricted using the default security descriptor: O:SYG:SYD:(A;;RC;;;BA).
For more information please see http://go.microsoft.com/fwlink/?LinkId=787651.","Microsoft-Windows-Directory-Services-SAM","System.String[]","16962","11/13/2023 6:44:50 PM","11/13/2023 6:44:50 PM","NT AUTHORITY\SYSTEM",,
"16","DESKTOP-RA8FOLI","System.Byte[]","1683","(0)","0","Information","The description for Event ID '16' in Source 'Microsoft-Windows-Kernel-General' cannot be found.  The local computer may not have the necessary registry information or message DLL files to display the message, or you may not have permission to access them.  The following information is part of the event:'36', '\SystemRoot\System32\Config\SECURITY', '75', '4'","Microsoft-Windows-Kernel-General","System.String[]","16","11/13/2023 6:44:50 PM","11/13/2023 6:44:50 PM","NT AUTHORITY\SYSTEM",,
"14","DESKTOP-RA8FOLI","System.Byte[]","1682","(0)","0","Information","Credential Guard configuration: 0, 0","Microsoft-Windows-Wininit","System.String[]","14","11/13/2023 6:44:50 PM","11/13/2023 6:44:50 PM","NT AUTHORITY\SYSTEM",,
"16","DESKTOP-RA8FOLI","System.Byte[]","1681","(0)","0","Information","The description for Event ID '16' in Source 'Microsoft-Windows-Kernel-General' cannot be found.  The local computer may not have the necessary registry information or message DLL files to display the message, or you may not have permission to access them.  The following information is part of the event:'35', '\SystemRoot\System32\Config\DEFAULT', '200', '30'","Microsoft-Windows-Kernel-General","System.String[]","16","11/13/2023 6:44:49 PM","11/13/2023 6:44:49 PM","NT AUTHORITY\SYSTEM",,
"15","DESKTOP-RA8FOLI","System.Byte[]","1680","(0)","0","Information","The description for Event ID '15' in Source 'Microsoft-Windows-Kernel-General' cannot be found.  The local computer may not have the necessary registry information or message DLL files to display the message, or you may not have permission to access them.  The following information is part of the event:'36', '\SystemRoot\System32\Config\SOFTWARE', '77627392', '77598720'","Microsoft-Windows-Kernel-General","System.String[]","15","11/13/2023 6:44:49 PM","11/13/2023 6:44:49 PM","NT AUTHORITY\SYSTEM",,
"16","DESKTOP-RA8FOLI","System.Byte[]","1679","(0)","0","Information","The description for Event ID '16' in Source 'Microsoft-Windows-Kernel-General' cannot be found.  The local computer may not have the necessary registry information or message DLL files to display the message, or you may not have permission to access them.  The following information is part of the event:'32', '\Device\HarddiskVolume1\Boot\BCD', '18', '4'","Microsoft-Windows-Kernel-General","System.String[]","16","11/13/2023 6:44:47 PM","11/13/2023 6:44:47 PM","NT AUTHORITY\SYSTEM",,
"32","DESKTOP-RA8FOLI","System.Byte[]","1678","(0)","0","Information","Intel(R) 82574L Gigabit Network Connection

Network link has been established at 1Gbps full duplex.
","e1iexpress","System.String[]","1610874912","11/13/2023 6:44:47 PM","11/13/2023 6:44:47 PM",,,
"55","DESKTOP-RA8FOLI","System.Byte[]","1677","(47)","47","Information","Hyper-V logical processor 1 exposes the following power management capabilities:

Idle state type: 1 (1 state(s))

Performance state type: 0
Nominal Frequency (MHz): 3700
Maximum performance percentage: 100
Minimum performance percentage: 100
Minimum throttle percentage: 100","Microsoft-Windows-Kernel-Processor-Power","System.String[]","55","11/13/2023 6:44:47 PM","11/13/2023 6:44:47 PM","NT AUTHORITY\SYSTEM",,
"55","DESKTOP-RA8FOLI","System.Byte[]","1676","(47)","47","Information","Hyper-V logical processor 0 exposes the following power management capabilities:

Idle state type: 1 (1 state(s))

Performance state type: 0
Nominal Frequency (MHz): 3700
Maximum performance percentage: 100
Minimum performance percentage: 100
Minimum throttle percentage: 100","Microsoft-Windows-Kernel-Processor-Power","System.String[]","55","11/13/2023 6:44:47 PM","11/13/2023 6:44:47 PM","NT AUTHORITY\SYSTEM",,
"172","DESKTOP-RA8FOLI","System.Byte[]","1675","(203)","203","Information","The description for Event ID '172' in Source 'Microsoft-Windows-Kernel-Power' cannot be found.  The local computer may not have the necessary registry information or message DLL files to display the message, or you may not have permission to access them.  The following information is part of the event:'2', '6'","Microsoft-Windows-Kernel-Power","System.String[]","172","11/13/2023 6:44:47 PM","11/13/2023 6:44:47 PM","NT AUTHORITY\SYSTEM",,
"98","DESKTOP-RA8FOLI","System.Byte[]","1674","(0)","0","Information","The description for Event ID '98' in Source 'Microsoft-Windows-Ntfs' cannot be found.  The local computer may not have the necessary registry information or message DLL files to display the message, or you may not have permission to access them.  The following information is part of the event:'\\?\Volume{2397ad7a-0000-0000-0000-100000000000}', '\Device\HarddiskVolume1', '0'","Microsoft-Windows-Ntfs","System.String[]","98","11/13/2023 6:44:47 PM","11/13/2023 6:44:47 PM","NT AUTHORITY\SYSTEM",,
"6","DESKTOP-RA8FOLI","System.Byte[]","1673","(0)","0","Information","File System Filter 'npsvctrig' (10.0, 2037-02-23T01:11:04.000000000Z) has successfully loaded and registered with Filter Manager.","Microsoft-Windows-FilterManager","System.String[]","6","11/13/2023 6:44:47 PM","11/13/2023 6:44:47 PM","NT AUTHORITY\SYSTEM",,
