"DisplayName","DisplayVersion","InstallDate"
,,
"Google Chrome","119.0.6045.124","20231113"
,,
"Microsoft Visual C++ 2015-2019 Redistributable (x86) - 14.28.29913","14.28.29913.0",
"Microsoft Windows Desktop Runtime - 6.0.22 (x64)","6.0.22.32825",
"Microsoft Visual C++ 2019 X86 Additional Runtime - 14.28.29913","14.28.29913","20220619"
"Microsoft Visual C++ 2019 X86 Minimum Runtime - 14.28.29913","14.28.29913","20220619"
"Microsoft Visual C++ 2015-2019 Redistributable (x64) - 14.28.29913","14.28.29913.0",
