"Name","Enabled","Action","Direction","Profile"
"vm-monitoring-dcom","False","Allow","Inbound","Any"
"vm-monitoring-icmpv4","False","Allow","Inbound","Any"
"vm-monitoring-icmpv6","False","Allow","Inbound","Any"
"vm-monitoring-nb-session","False","Allow","Inbound","Any"
"vm-monitoring-rpc","False","Allow","Inbound","Any"
"SNMPTRAP-In-UDP","False","Allow","Inbound","Private, Public"
"SNMPTRAP-In-UDP-NoScope","False","Allow","Inbound","Domain"
"WiFiDirect-KM-Driver-In-TCP","True","Allow","Inbound","Any"
"WiFiDirect-KM-Driver-Out-TCP","True","Allow","Outbound","Any"
"WiFiDirect-KM-Driver-In-UDP","True","Allow","Inbound","Any"
"WiFiDirect-KM-Driver-Out-UDP","True","Allow","Outbound","Any"
"Microsoft-Windows-Unified-Telemetry-Client","True","Allow","Outbound","Any"
"DeliveryOptimization-TCP-In","True","Allow","Inbound","Any"
"DeliveryOptimization-UDP-In","True","Allow","Inbound","Any"
"PNRPMNRS-PNRP-In-UDP","False","Allow","Inbound","Any"
"PNRPMNRS-PNRP-Out-UDP","False","Allow","Outbound","Any"
"PNRPMNRS-SSDPSrv-In-UDP","False","Allow","Inbound","Any"
"PNRPMNRS-SSDPSrv-Out-UDP","False","Allow","Outbound","Any"
"EventForwarder-In-TCP","False","Allow","Inbound","Any"
"EventForwarder-RPCSS-In-TCP","False","Allow","Inbound","Any"
"RemoteFwAdmin-In-TCP-NoScope","False","Allow","Inbound","Domain"
"RemoteFwAdmin-RPCSS-In-TCP-NoScope","False","Allow","Inbound","Domain"
"RemoteFwAdmin-In-TCP","False","Allow","Inbound","Private, Public"
"RemoteFwAdmin-RPCSS-In-TCP","False","Allow","Inbound","Private, Public"
"AllJoyn-Router-In-TCP","True","Allow","Inbound","Domain, Private"
"AllJoyn-Router-Out-TCP","True","Allow","Outbound","Domain, Private"
"AllJoyn-Router-In-UDP","True","Allow","Inbound","Domain, Private"
"AllJoyn-Router-Out-UDP","True","Allow","Outbound","Domain, Private"
"Netlogon-NamedPipe-In","False","Allow","Inbound","Any"
"Netlogon-TCP-RPC-In","False","Allow","Inbound","Any"
"WirelessDisplay-In-TCP","True","Allow","Inbound","Any"
"WirelessDisplay-Out-TCP","True","Allow","Outbound","Any"
"WirelessDisplay-Out-UDP","True","Allow","Outbound","Any"
"WirelessDisplay-Infra-In-TCP","True","Allow","Inbound","Any"
"WMI-RPCSS-In-TCP-NoScope","False","Allow","Inbound","Domain"
"WMI-WINMGMT-In-TCP-NoScope","False","Allow","Inbound","Domain"
"WMI-WINMGMT-Out-TCP-NoScope","False","Allow","Outbound","Domain"
"WMI-ASYNC-In-TCP-NoScope","False","Allow","Inbound","Domain"
"WMI-RPCSS-In-TCP","False","Allow","Inbound","Private, Public"
"WMI-WINMGMT-In-TCP","False","Allow","Inbound","Private, Public"
"WMI-WINMGMT-Out-TCP","False","Allow","Outbound","Private, Public"
"WMI-ASYNC-In-TCP","False","Allow","Inbound","Private, Public"
"Wininit-Shutdown-In-Rule-TCP-RPC","False","Allow","Inbound","Any"
"Wininit-Shutdown-In-Rule-TCP-RPC-EPMapper","False","Allow","Inbound","Any"
"MsiScsi-In-TCP-NoScope","False","Allow","Inbound","Domain"
"MsiScsi-Out-TCP-NoScope","False","Allow","Outbound","Domain"
"MsiScsi-In-TCP","False","Allow","Inbound","Private, Public"
"MsiScsi-Out-TCP","False","Allow","Outbound","Private, Public"
"FPS-NB_Session-In-TCP-NoScope","False","Allow","Inbound","Domain"
"FPS-NB_Session-Out-TCP-NoScope","False","Allow","Outbound","Domain"
"FPS-SMB-In-TCP-NoScope","False","Allow","Inbound","Domain"
"FPS-SMB-Out-TCP-NoScope","False","Allow","Outbound","Domain"
"FPS-NB_Name-In-UDP-NoScope","False","Allow","Inbound","Domain"
"FPS-NB_Name-Out-UDP-NoScope","False","Allow","Outbound","Domain"
"FPS-NB_Datagram-In-UDP-NoScope","False","Allow","Inbound","Domain"
"FPS-NB_Datagram-Out-UDP-NoScope","False","Allow","Outbound","Domain"
"FPS-SpoolSvc-In-TCP-NoScope","False","Allow","Inbound","Domain"
"FPS-RPCSS-In-TCP-NoScope","False","Allow","Inbound","Domain"
"FPS-ICMP4-ERQ-In-NoScope","False","Allow","Inbound","Domain"
"FPS-ICMP4-ERQ-Out-NoScope","False","Allow","Outbound","Domain"
"FPS-ICMP6-ERQ-In-NoScope","False","Allow","Inbound","Domain"
"FPS-ICMP6-ERQ-Out-NoScope","False","Allow","Outbound","Domain"
"FPS-NB_Session-In-TCP","False","Allow","Inbound","Private, Public"
"FPS-NB_Session-Out-TCP","False","Allow","Outbound","Private, Public"
"FPS-SMB-In-TCP","False","Allow","Inbound","Private, Public"
"FPS-SMB-Out-TCP","False","Allow","Outbound","Private, Public"
"FPS-NB_Name-In-UDP","False","Allow","Inbound","Private, Public"
"FPS-NB_Name-Out-UDP","False","Allow","Outbound","Private, Public"
"FPS-NB_Datagram-In-UDP","False","Allow","Inbound","Private, Public"
"FPS-NB_Datagram-Out-UDP","False","Allow","Outbound","Private, Public"
"FPS-SpoolSvc-In-TCP","False","Allow","Inbound","Private, Public"
"FPS-RPCSS-In-TCP","False","Allow","Inbound","Private, Public"
"FPS-ICMP4-ERQ-In","False","Allow","Inbound","Private, Public"
"FPS-ICMP4-ERQ-Out","False","Allow","Outbound","Private, Public"
"FPS-ICMP6-ERQ-In","False","Allow","Inbound","Private, Public"
"FPS-ICMP6-ERQ-Out","False","Allow","Outbound","Private, Public"
"FPS-LLMNR-In-UDP","False","Allow","Inbound","Any"
"FPS-LLMNR-Out-UDP","False","Allow","Outbound","Any"
"SSTP-IN-TCP","False","Allow","Inbound","Any"
"ProximityUxHost-Sharing-In-TCP-NoScope","True","Allow","Inbound","Any"
"ProximityUxHost-Sharing-Out-TCP-NoScope","True","Allow","Outbound","Any"
"Microsoft-Windows-HomeGroup-ProvSvc-TCP3587-In","False","Allow","Inbound","Private"
"Microsoft-Windows-HomeGroup-ProvSvc-TCP3587-Out","False","Allow","Outbound","Private"
"Microsoft-Windows-HomeGroup-ProvSvc-UDP3540-In","False","Allow","Inbound","Private"
"Microsoft-Windows-HomeGroup-ProvSvc-UDP3540-Out","False","Allow","Outbound","Private"
"NETDIS-UPnPHost-In-TCP-NoScope","False","Allow","Inbound","Domain"
"NETDIS-UPnPHost-Out-TCP-NoScope","False","Allow","Outbound","Domain"
"NETDIS-NB_Name-In-UDP-NoScope","False","Allow","Inbound","Domain"
"NETDIS-NB_Name-Out-UDP-NoScope","False","Allow","Outbound","Domain"
"NETDIS-NB_Datagram-In-UDP-NoScope","False","Allow","Inbound","Domain"
"NETDIS-NB_Datagram-Out-UDP-NoScope","False","Allow","Outbound","Domain"
"NETDIS-WSDEVNTS-In-TCP-NoScope","False","Allow","Inbound","Domain"
"NETDIS-WSDEVNTS-Out-TCP-NoScope","False","Allow","Outbound","Domain"
"NETDIS-WSDEVNT-In-TCP-NoScope","False","Allow","Inbound","Domain"
"NETDIS-WSDEVNT-Out-TCP-NoScope","False","Allow","Outbound","Domain"
"NETDIS-SSDPSrv-In-UDP-Active","True","Allow","Inbound","Private"
"NETDIS-SSDPSrv-Out-UDP-Active","True","Allow","Outbound","Private"
"NETDIS-UPnPHost-In-TCP-Active","True","Allow","Inbound","Private"
"NETDIS-UPnPHost-Out-TCP-Active","True","Allow","Outbound","Private"
"NETDIS-UPnP-Out-TCP-Active","True","Allow","Outbound","Private"
"NETDIS-NB_Name-In-UDP-Active","True","Allow","Inbound","Private"
"NETDIS-NB_Name-Out-UDP-Active","True","Allow","Outbound","Private"
"NETDIS-NB_Datagram-In-UDP-Active","True","Allow","Inbound","Private"
"NETDIS-NB_Datagram-Out-UDP-Active","True","Allow","Outbound","Private"
"NETDIS-FDPHOST-In-UDP-Active","True","Allow","Inbound","Private"
"NETDIS-DAS-In-UDP-Active","True","Allow","Inbound","Private"
"NETDIS-FDPHOST-Out-UDP-Active","True","Allow","Outbound","Private"
"NETDIS-LLMNR-In-UDP-Active","True","Allow","Inbound","Private"
"NETDIS-LLMNR-Out-UDP-Active","True","Allow","Outbound","Private"
"NETDIS-FDRESPUB-WSD-In-UDP-Active","True","Allow","Inbound","Private"
"NETDIS-FDRESPUB-WSD-Out-UDP-Active","True","Allow","Outbound","Private"
"NETDIS-WSDEVNTS-In-TCP-Active","True","Allow","Inbound","Private"
"NETDIS-WSDEVNTS-Out-TCP-Active","True","Allow","Outbound","Private"
"NETDIS-WSDEVNT-In-TCP-Active","True","Allow","Inbound","Private"
"NETDIS-WSDEVNT-Out-TCP-Active","True","Allow","Outbound","Private"
"NETDIS-SSDPSrv-In-UDP","False","Allow","Inbound","Domain, Public"
"NETDIS-SSDPSrv-In-UDP-Teredo","True","Allow","Inbound","Public"
"NETDIS-SSDPSrv-Out-UDP","False","Allow","Outbound","Domain, Public"
"NETDIS-UPnP-Out-TCP","False","Allow","Outbound","Domain, Public"
"NETDIS-UPnPHost-In-TCP","False","Allow","Inbound","Public"
"NETDIS-UPnPHost-In-TCP-Teredo","True","Allow","Inbound","Public"
"NETDIS-UPnPHost-Out-TCP","False","Allow","Outbound","Public"
"NETDIS-NB_Name-In-UDP","False","Allow","Inbound","Public"
"NETDIS-NB_Name-Out-UDP","False","Allow","Outbound","Public"
"NETDIS-NB_Datagram-In-UDP","False","Allow","Inbound","Public"
"NETDIS-NB_Datagram-Out-UDP","False","Allow","Outbound","Public"
"NETDIS-FDPHOST-In-UDP","False","Allow","Inbound","Domain, Public"
"NETDIS-DAS-In-UDP","False","Allow","Inbound","Domain, Public"
"NETDIS-FDPHOST-Out-UDP","False","Allow","Outbound","Domain, Public"
"NETDIS-LLMNR-In-UDP","False","Allow","Inbound","Domain, Public"
"NETDIS-LLMNR-Out-UDP","False","Allow","Outbound","Domain, Public"
"NETDIS-FDRESPUB-WSD-In-UDP","False","Allow","Inbound","Domain, Public"
"NETDIS-FDRESPUB-WSD-Out-UDP","False","Allow","Outbound","Domain, Public"
"NETDIS-WSDEVNTS-In-TCP","False","Allow","Inbound","Public"
"NETDIS-WSDEVNTS-Out-TCP","False","Allow","Outbound","Public"
"NETDIS-WSDEVNT-In-TCP","False","Allow","Inbound","Public"
"NETDIS-WSDEVNT-Out-TCP","False","Allow","Outbound","Public"
"RemoteAssistance-In-TCP-EdgeScope","False","Allow","Inbound","Public"
"RemoteAssistance-Out-TCP","False","Allow","Outbound","Public"
"RemoteAssistance-PnrpSvc-UDP-In-EdgeScope","False","Allow","Inbound","Public"
"RemoteAssistance-PnrpSvc-UDP-OUT","False","Allow","Outbound","Public"
"RemoteAssistance-RAServer-In-TCP-NoScope-Active","True","Allow","Inbound","Domain"
"RemoteAssistance-RAServer-Out-TCP-NoScope-Active","True","Allow","Outbound","Domain"
"RemoteAssistance-DCOM-In-TCP-NoScope-Active","True","Allow","Inbound","Domain"
"RemoteAssistance-In-TCP-EdgeScope-Active","True","Allow","Inbound","Domain, Private"
"RemoteAssistance-Out-TCP-Active","True","Allow","Outbound","Domain, Private"
"RemoteAssistance-SSDPSrv-In-UDP-Active","True","Allow","Inbound","Domain, Private"
"RemoteAssistance-SSDPSrv-Out-UDP-Active","True","Allow","Outbound","Domain, Private"
"RemoteAssistance-SSDPSrv-In-TCP-Active","True","Allow","Inbound","Domain, Private"
"RemoteAssistance-SSDPSrv-Out-TCP-Active","True","Allow","Outbound","Domain, Private"
"RemoteAssistance-PnrpSvc-UDP-In-EdgeScope-Active","True","Allow","Inbound","Domain, Private"
"RemoteAssistance-PnrpSvc-UDP-OUT-Active","True","Allow","Outbound","Domain, Private"
"MSDTC-In-TCP-NoScope","False","Allow","Inbound","Domain"
"MSDTC-Out-TCP-NoScope","False","Allow","Outbound","Domain"
"MSDTC-KTMRM-In-TCP-NoScope","False","Allow","Inbound","Domain"
"MSDTC-RPCSS-In-TCP-NoScope","False","Allow","Inbound","Domain"
"MSDTC-In-TCP","False","Allow","Inbound","Private, Public"
"MSDTC-Out-TCP","False","Allow","Outbound","Private, Public"
"MSDTC-KTMRM-In-TCP","False","Allow","Inbound","Private, Public"
"MSDTC-RPCSS-In-TCP","False","Allow","Inbound","Private, Public"
"DIAL-Protocol-Server-In-TCP-NoScope","True","Allow","Inbound","Domain"
"DIAL-Protocol-Server-HTTPSTR-In-TCP-LocalSubnetScope","True","Allow","Inbound","Private"
"Microsoft-Windows-Enrollment-WinRT-TCP-Out","True","Allow","Outbound","Any"
"RemoteEventLogSvc-In-TCP-NoScope","False","Allow","Inbound","Domain"
"RemoteEventLogSvc-NP-In-TCP-NoScope","False","Allow","Inbound","Domain"
"RemoteEventLogSvc-RPCSS-In-TCP-NoScope","False","Allow","Inbound","Domain"
"RemoteEventLogSvc-In-TCP","False","Allow","Inbound","Private, Public"
"RemoteEventLogSvc-NP-In-TCP","False","Allow","Inbound","Private, Public"
"RemoteEventLogSvc-RPCSS-In-TCP","False","Allow","Inbound","Private, Public"
"WFDPRINT-DAFWSD-In-Active","True","Allow","Inbound","Public"
"WFDPRINT-DAFWSD-Out-Active","True","Allow","Outbound","Public"
"WFDPRINT-SPOOL-In-Active","True","Allow","Inbound","Public"
"WFDPRINT-SPOOL-Out-Active","True","Allow","Outbound","Public"
"WFDPRINT-SCAN-In-Active","True","Allow","Inbound","Public"
"WFDPRINT-SCAN-Out-Active","True","Allow","Outbound","Public"
"RRAS-GRE-In","False","Allow","Inbound","Any"
"RRAS-GRE-Out","False","Allow","Outbound","Any"
"RRAS-L2TP-In-UDP","False","Allow","Inbound","Any"
"RRAS-L2TP-Out-UDP","False","Allow","Outbound","Any"
"RRAS-PPTP-In-TCP","False","Allow","Inbound","Any"
"RRAS-PPTP-Out-TCP","False","Allow","Outbound","Any"
"Microsoft-Windows-DeviceManagement-CertificateInstall-TCP-Out","True","Allow","Outbound","Any"
"RemoteSvcAdmin-In-TCP-NoScope","False","Allow","Inbound","Domain"
"RemoteSvcAdmin-NP-In-TCP-NoScope","False","Allow","Inbound","Domain"
"RemoteSvcAdmin-RPCSS-In-TCP-NoScope","False","Allow","Inbound","Domain"
"RemoteSvcAdmin-In-TCP","False","Allow","Inbound","Private, Public"
"RemoteSvcAdmin-NP-In-TCP","False","Allow","Inbound","Private, Public"
"RemoteSvcAdmin-RPCSS-In-TCP","False","Allow","Inbound","Private, Public"
"Microsoft-Windows-DeviceManagement-OmaDmClient-TCP-Out","True","Allow","Outbound","Any"
"PerfLogsAlerts-PLASrv-In-TCP","False","Allow","Inbound","Private, Public"
"PerfLogsAlerts-DCOM-In-TCP","False","Allow","Inbound","Private, Public"
"PerfLogsAlerts-PLASrv-In-TCP-NoScope","False","Allow","Inbound","Domain"
"PerfLogsAlerts-DCOM-In-TCP-NoScope","False","Allow","Inbound","Domain"
"CoreNet-ICMP6-DU-In","True","Allow","Inbound","Any"
"CoreNet-ICMP6-PTB-In","True","Allow","Inbound","Any"
"CoreNet-ICMP6-PTB-Out","True","Allow","Outbound","Any"
"CoreNet-ICMP6-TE-In","True","Allow","Inbound","Any"
"CoreNet-ICMP6-TE-Out","True","Allow","Outbound","Any"
"CoreNet-ICMP6-PP-In","True","Allow","Inbound","Any"
"CoreNet-ICMP6-PP-Out","True","Allow","Outbound","Any"
"CoreNet-ICMP6-NDS-In","True","Allow","Inbound","Any"
"CoreNet-ICMP6-NDS-Out","True","Allow","Outbound","Any"
"CoreNet-ICMP6-NDA-In","True","Allow","Inbound","Any"
"CoreNet-ICMP6-NDA-Out","True","Allow","Outbound","Any"
"CoreNet-ICMP6-RA-In","True","Allow","Inbound","Any"
"CoreNet-ICMP6-RA-Out","True","Allow","Outbound","Any"
"CoreNet-ICMP6-RS-In","True","Allow","Inbound","Any"
"CoreNet-ICMP6-RS-Out","True","Allow","Outbound","Any"
"CoreNet-ICMP6-LQ-In","True","Allow","Inbound","Any"
"CoreNet-ICMP6-LQ-Out","True","Allow","Outbound","Any"
"CoreNet-ICMP6-LR-In","True","Allow","Inbound","Any"
"CoreNet-ICMP6-LR-Out","True","Allow","Outbound","Any"
"CoreNet-ICMP6-LR2-In","True","Allow","Inbound","Any"
"CoreNet-ICMP6-LR2-Out","True","Allow","Outbound","Any"
"CoreNet-ICMP6-LD-In","True","Allow","Inbound","Any"
"CoreNet-ICMP6-LD-Out","True","Allow","Outbound","Any"
"CoreNet-ICMP4-DUFRAG-In","True","Allow","Inbound","Any"
"CoreNet-IGMP-In","True","Allow","Inbound","Any"
"CoreNet-IGMP-Out","True","Allow","Outbound","Any"
"CoreNet-DHCP-In","True","Allow","Inbound","Any"
"CoreNet-DHCP-Out","True","Allow","Outbound","Any"
"CoreNet-DHCPV6-In","True","Allow","Inbound","Any"
"CoreNet-DHCPV6-Out","True","Allow","Outbound","Any"
"CoreNet-Teredo-In","True","Allow","Inbound","Any"
"CoreNet-Teredo-Out","True","Allow","Outbound","Any"
"CoreNet-IPHTTPS-In","True","Allow","Inbound","Any"
"CoreNet-IPHTTPS-Out","True","Allow","Outbound","Any"
"CoreNet-IPv6-In","True","Allow","Inbound","Any"
"CoreNet-IPv6-Out","True","Allow","Outbound","Any"
"CoreNet-GP-NP-Out-TCP","True","Allow","Outbound","Domain"
"CoreNet-GP-Out-TCP","True","Allow","Outbound","Domain"
"CoreNet-DNS-Out-UDP","True","Allow","Outbound","Any"
"CoreNet-GP-LSASS-Out-TCP","True","Allow","Outbound","Domain"
"TPMVSCMGR-RPCSS-In-TCP-NoScope","False","Allow","Inbound","Domain"
"TPMVSCMGR-Server-In-TCP-NoScope","False","Allow","Inbound","Domain"
"TPMVSCMGR-Server-Out-TCP-NoScope","False","Allow","Outbound","Domain"
"TPMVSCMGR-RPCSS-In-TCP","False","Allow","Inbound","Private, Public"
"TPMVSCMGR-Server-In-TCP","False","Allow","Inbound","Private, Public"
"TPMVSCMGR-Server-Out-TCP","False","Allow","Outbound","Private, Public"
"CDPSvc-In-UDP","True","Allow","Inbound","Domain, Private"
"CDPSvc-Out-UDP","True","Allow","Outbound","Domain, Private"
"CDPSvc-In-TCP","True","Allow","Inbound","Domain, Private"
"CDPSvc-Out-TCP","True","Allow","Outbound","Domain, Private"
"CDPSvc-WFD-In-TCP","True","Allow","Inbound","Public"
"CDPSvc-WFD-Out-TCP","True","Allow","Outbound","Public"
"RVM-VDS-In-TCP-NoScope","False","Allow","Inbound","Domain"
"RVM-VDSLDR-In-TCP-NoScope","False","Allow","Inbound","Domain"
"RVM-RPCSS-In-TCP-NoScope","False","Allow","Inbound","Domain"
"RVM-VDS-In-TCP","False","Allow","Inbound","Private, Public"
"RVM-VDSLDR-In-TCP","False","Allow","Inbound","Private, Public"
"RVM-RPCSS-In-TCP","False","Allow","Inbound","Private, Public"
"RemoteTask-In-TCP-NoScope","False","Allow","Inbound","Domain"
"RemoteTask-RPCSS-In-TCP-NoScope","False","Allow","Inbound","Domain"
"RemoteTask-In-TCP","False","Allow","Inbound","Private, Public"
"RemoteTask-RPCSS-In-TCP","False","Allow","Inbound","Private, Public"
"Collab-P2PHost-In-TCP","False","Allow","Inbound","Any"
"Collab-P2PHost-Out-TCP","False","Allow","Outbound","Any"
"Collab-P2PHost-WSD-In-UDP","False","Allow","Inbound","Any"
"Collab-P2PHost-WSD-Out-UDP","False","Allow","Outbound","Any"
"Collab-PNRP-In-UDP","False","Allow","Inbound","Any"
"Collab-PNRP-Out-UDP","False","Allow","Outbound","Any"
"Collab-PNRP-SSDPSrv-In-UDP","False","Allow","Inbound","Any"
"Collab-PNRP-SSDPSrv-Out-UDP","False","Allow","Outbound","Any"
"MDNS-In-UDP-Private-Active","True","Allow","Inbound","Private"
"MDNS-In-UDP-Domain-Active","True","Allow","Inbound","Domain"
"MDNS-In-UDP-Public-Active","True","Allow","Inbound","Public"
"MDNS-Out-UDP-Private-Active","True","Allow","Outbound","Private"
"MDNS-Out-UDP-Domain-Active","True","Allow","Outbound","Domain"
"MDNS-Out-UDP-Public-Active","True","Allow","Outbound","Public"
"WINRM-HTTP-In-TCP-NoScope","False","Allow","Inbound","Domain, Private"
"WINRM-HTTP-In-TCP","False","Allow","Inbound","Public"
"WINRM-HTTP-Compat-In-TCP-NoScope","False","Allow","Inbound","Domain"
"WINRM-HTTP-Compat-In-TCP","False","Allow","Inbound","Private, Public"
"Microsoft-Windows-WLANSvc-ASP-CP-In","True","Allow","Inbound","Any"
"Microsoft-Windows-WLANSvc-ASP-CP-Out","True","Allow","Outbound","Any"
"WMP-In-UDP-x86","False","Allow","Inbound","Any"
"WMP-Out-UDP-x86","False","Allow","Outbound","Any"
"WMP-Out-TCP-x86","False","Allow","Outbound","Any"
"WMP-In-UDP","False","Allow","Inbound","Any"
"WMP-Out-UDP","False","Allow","Outbound","Any"
"WMP-Out-TCP","False","Allow","Outbound","Any"
"RemoteDesktop-UserMode-In-TCP","False","Allow","Inbound","Any"
"RemoteDesktop-UserMode-In-UDP","False","Allow","Inbound","Any"
"RemoteDesktop-Shadow-In-TCP","False","Allow","Inbound","Any"
"RemoteDesktop-In-TCP-WS","False","Allow","Inbound","Any"
"RemoteDesktop-In-TCP-WSS","False","Allow","Inbound","Any"
"WMPNSS-QWave-In-UDP-NoScope","False","Allow","Inbound","Domain"
"WMPNSS-QWave-Out-UDP-NoScope","False","Allow","Outbound","Domain"
"WMPNSS-QWave-In-TCP-NoScope","False","Allow","Inbound","Domain"
"WMPNSS-QWave-Out-TCP-NoScope","False","Allow","Outbound","Domain"
"WMPNSS-HTTPSTR-In-TCP-NoScope","False","Allow","Inbound","Domain"
"WMPNSS-HTTPSTR-Out-TCP-NoScope","False","Allow","Outbound","Domain"
"WMPNSS-WMP-In-UDP-NoScope","False","Allow","Inbound","Domain"
"WMPNSS-WMP-Out-UDP-NoScope","False","Allow","Outbound","Domain"
"WMPNSS-WMP-Out-TCP-NoScope","False","Allow","Outbound","Domain"
"WMPNSS-In-UDP-NoScope","False","Allow","Inbound","Domain"
"WMPNSS-Out-UDP-NoScope","False","Allow","Outbound","Domain"
"WMPNSS-In-TCP-NoScope","False","Allow","Inbound","Domain"
"WMPNSS-Out-TCP-NoScope","False","Allow","Outbound","Domain"
"WMPNSS-QWave-In-UDP","False","Allow","Inbound","Private, Public"
"WMPNSS-QWave-Out-UDP","False","Allow","Outbound","Private, Public"
"WMPNSS-QWave-In-TCP","False","Allow","Inbound","Private, Public"
"WMPNSS-QWave-Out-TCP","False","Allow","Outbound","Private, Public"
"WMPNSS-SSDPSrv-In-UDP","False","Allow","Inbound","Any"
"WMPNSS-SSDPSrv-Out-UDP","False","Allow","Outbound","Any"
"WMPNSS-UPnPHost-In-TCP","False","Allow","Inbound","Any"
"WMPNSS-UPnPHost-Out-TCP","False","Allow","Outbound","Any"
"WMPNSS-HTTPSTR-In-TCP","False","Allow","Inbound","Private, Public"
"WMPNSS-HTTPSTR-Out-TCP","False","Allow","Outbound","Private, Public"
"WMPNSS-WMP-In-UDP","False","Allow","Inbound","Private, Public"
"WMPNSS-WMP-Out-UDP","False","Allow","Outbound","Private, Public"
"WMPNSS-WMP-Out-TCP","False","Allow","Outbound","Private, Public"
"WMPNSS-In-UDP","False","Allow","Inbound","Private, Public"
"WMPNSS-Out-UDP","False","Allow","Outbound","Private, Public"
"WMPNSS-In-TCP","False","Allow","Inbound","Private, Public"
"WMPNSS-Out-TCP","False","Allow","Outbound","Private, Public"
"WMPNSS-UPnP-Out-TCP","False","Allow","Outbound","Any"
"WMPNSS-RME-HTTP-In-TCP","False","Allow","Inbound","Domain, Private"
"SPPSVC-In-TCP","False","Allow","Inbound","Private, Public"
"SPPSVC-In-TCP-NoScope","False","Allow","Inbound","Domain"
"WPDMTP-Out-TCP-NoScope","False","Allow","Outbound","Domain"
"WPDMTP-Out-TCP","False","Allow","Outbound","Private, Public"
"WPDMTP-SSDPSrv-In-UDP","False","Allow","Inbound","Any"
"WPDMTP-SSDPSrv-Out-UDP","False","Allow","Outbound","Any"
"WPDMTP-UPnPHost-In-TCP","False","Allow","Inbound","Any"
"WPDMTP-UPnPHost-Out-TCP","False","Allow","Outbound","Any"
"WPDMTP-UPnP-Out-TCP","False","Allow","Outbound","Any"
"MCX-SSDPSrv-In-UDP","False","Allow","Inbound","Any"
"MCX-SSDPSrv-Out-UDP","False","Allow","Outbound","Any"
"MCX-In-TCP","False","Allow","Inbound","Any"
"MCX-Out-TCP","False","Allow","Outbound","Any"
"MCX-QWave-In-UDP","False","Allow","Inbound","Any"
"MCX-QWave-Out-UDP","False","Allow","Outbound","Any"
"MCX-QWave-In-TCP","False","Allow","Inbound","Any"
"MCX-QWave-Out-TCP","False","Allow","Outbound","Any"
"MCX-HTTPSTR-In-TCP","False","Allow","Inbound","Any"
"MCX-TERMSRV-In-TCP","False","Allow","Inbound","Any"
"MCX-In-UDP","False","Allow","Inbound","Any"
"MCX-Out-UDP","False","Allow","Outbound","Any"
"MCX-MCX2SVC-Out-TCP","False","Allow","Outbound","Any"
"MCX-Prov-Out-TCP","False","Allow","Outbound","Any"
"MCX-PlayTo-In-TCP","False","Allow","Inbound","Any"
"MCX-PlayTo-Out-TCP","False","Allow","Outbound","Any"
"MCX-McrMgr-Out-TCP","False","Allow","Outbound","Any"
"MCX-PlayTo-Out-UDP","False","Allow","Outbound","Any"
"MCX-FDPHost-Out-TCP","False","Allow","Outbound","Any"
"PlayTo-HTTPSTR-In-TCP-NoScope","True","Allow","Inbound","Domain"
"PlayTo-HTTPSTR-In-TCP-LocalSubnetScope","True","Allow","Inbound","Private"
"PlayTo-HTTPSTR-In-TCP-PlayToScope","True","Allow","Inbound","Public"
"PlayTo-In-UDP-NoScope","True","Allow","Inbound","Domain"
"PlayTo-In-UDP-LocalSubnetScope","True","Allow","Inbound","Private"
"PlayTo-In-UDP-PlayToScope","True","Allow","Inbound","Public"
"PlayTo-Out-UDP-NoScope","True","Allow","Outbound","Domain"
"PlayTo-Out-UDP-LocalSubnetScope","True","Allow","Outbound","Private"
"PlayTo-Out-UDP-PlayToScope","True","Allow","Outbound","Public"
"PlayTo-In-RTSP-NoScope","True","Allow","Inbound","Domain"
"PlayTo-In-RTSP-LocalSubnetScope","True","Allow","Inbound","Private"
"PlayTo-In-RTSP-PlayToScope","True","Allow","Inbound","Public"
"PlayTo-SSDP-Discovery-PlayToScope","True","Allow","Inbound","Public"
"PlayTo-UPnP-Events-PlayToScope","True","Allow","Inbound","Public"
"PlayTo-QWave-In-UDP-PlayToScope","True","Allow","Inbound","Private, Public"
"PlayTo-QWave-Out-UDP-PlayToScope","True","Allow","Outbound","Private, Public"
"PlayTo-QWave-In-TCP-PlayToScope","True","Allow","Inbound","Private, Public"
"PlayTo-QWave-Out-TCP-PlayToScope","True","Allow","Outbound","Private, Public"
"FPSSMBD-iWARP-In-TCP","False","Allow","Inbound","Any"
"Microsoft-Windows-PeerDist-HttpTrans-In","False","Allow","Inbound","Any"
"Microsoft-Windows-PeerDist-HttpTrans-Out","False","Allow","Outbound","Any"
"Microsoft-Windows-PeerDist-WSD-In","False","Allow","Inbound","Any"
"Microsoft-Windows-PeerDist-WSD-Out","False","Allow","Outbound","Any"
"Microsoft-Windows-PeerDist-HostedServer-In","False","Allow","Inbound","Any"
"Microsoft-Windows-PeerDist-HostedServer-Out","False","Allow","Outbound","Any"
"Microsoft-Windows-PeerDist-HostedClient-Out","False","Allow","Outbound","Any"
"{5EB0FDB8-C9D8-42E2-9DC7-F4A709E0121B}","True","Allow","Outbound","Domain, Private, Public"
"{42A085F2-1641-481A-9408-6B94471E261C}","True","Allow","Inbound","Domain, Private"
"{15A309D3-E063-4142-ADD7-378B5F59D5C1}","True","Allow","Outbound","Domain, Private, Public"
"{4FF9DE7D-8E3C-43A7-A985-7490DC1C648C}","True","Allow","Outbound","Domain, Private, Public"
"{D1B6536E-275A-4A51-BABD-7C5193D63F96}","True","Allow","Outbound","Domain, Private, Public"
"{5D523FC8-C3D3-49AE-A953-3B67E0097048}","True","Allow","Inbound","Domain, Private"
"{FFE12D72-126D-4950-827C-11B18894FBA2}","True","Allow","Outbound","Domain, Private, Public"
"{FFF1B7A9-E52D-48BE-A610-50FE73D75C05}","True","Allow","Inbound","Domain, Private"
"{3E3646D2-5740-4300-9E33-A75E2491E160}","True","Allow","Outbound","Domain, Private, Public"
"{40499AFF-67A6-4019-A0DC-030809DC1763}","True","Allow","Outbound","Domain, Private, Public"
"{83D4223D-0B2B-44BF-8055-F4A8E4525AA1}","True","Allow","Inbound","Domain, Private"
"{1C895215-AE68-4016-8279-DEB7ACFA8FD0}","True","Allow","Outbound","Domain, Private, Public"
"{DF82DE42-AAF6-4AEB-81F9-29D92FA28648}","True","Allow","Outbound","Domain, Private, Public"
"{C416B8EB-3BBC-41F5-BF97-2B6E00FBB57D}","True","Allow","Outbound","Domain, Private, Public"
"{52095A7E-5808-4E94-BF92-6C9BFD27205B}","True","Allow","Outbound","Domain, Private, Public"
"{8359FC4A-8C73-4C7C-9568-085D78E5AF82}","True","Allow","Outbound","Domain, Private, Public"
"{9686082C-6CAC-49CA-8316-D8CF84B4EF26}","True","Allow","Outbound","Domain, Private, Public"
"{03C164AF-53DE-4D39-824A-75B832EA68C8}","True","Allow","Inbound","Domain, Private, Public"
"{49530F42-05CA-4FF4-AFEB-D62B0304DEA5}","True","Allow","Outbound","Domain, Private, Public"
"{8F661752-6067-4FDD-89F0-909018A57F10}","True","Allow","Outbound","Domain, Private, Public"
"{0DEB4EEC-98E4-4342-B02A-FE9228530B12}","True","Allow","Outbound","Domain, Private, Public"
"{00D28294-66C5-4723-9425-20C440F52C79}","True","Allow","Outbound","Domain, Private, Public"
"{503F6A3D-417E-49AC-BE9B-DF960E5290DE}","True","Allow","Outbound","Domain, Private, Public"
"{34CB6321-87C6-4430-ABDD-F28A0E2BA900}","True","Allow","Outbound","Domain, Private, Public"
"{F25BC2A6-6667-4CB4-8F07-1EDA20294F86}","True","Allow","Outbound","Domain, Private, Public"
"{38653D1E-72FB-48CC-BB5B-FA1AD22CD6B7}","True","Allow","Outbound","Domain, Private, Public"
"{B7682634-52E1-45D9-BF5D-C09B7D7A64C7}","True","Allow","Outbound","Domain, Private, Public"
"{7DC87E56-95F0-4181-8986-A48B1B2C078B}","True","Allow","Inbound","Domain, Private"
"{604E2280-0616-4177-89D7-50044FBEEEA3}","True","Allow","Outbound","Domain, Private, Public"
"{BFB6D1B1-D04F-46D9-802C-7EC5A2D8AA89}","True","Allow","Outbound","Domain, Private, Public"
"{0CBB7546-819D-4B6A-BA7C-A11EF56F37AA}","True","Allow","Inbound","Domain, Private"
"{6C33CA90-ABC7-4872-A3EB-673C9D022FB4}","True","Allow","Outbound","Domain, Private, Public"
"{75A28B61-638E-4ED3-B72D-35DC9D5EA2A6}","True","Allow","Inbound","Domain, Private"
"{3D06E767-B4C0-4C7D-8646-A2955E17ABAC}","True","Allow","Outbound","Domain, Private, Public"
"{6540254C-396B-4431-8636-56639BDC9024}","True","Allow","Outbound","Domain, Private, Public"
"{EC164719-2551-4FA8-890B-C666D7803E85}","True","Allow","Outbound","Domain, Private, Public"
"{1B36786C-E798-4116-95CF-9E0E79221C97}","True","Allow","Outbound","Domain, Private, Public"
"{A4135824-AA58-487C-9D05-0F461E9EC6DA}","True","Allow","Inbound","Domain, Private"
"{F627DD4B-601E-4B5C-B6F9-29D0578B8C84}","True","Allow","Outbound","Domain, Private, Public"
"{AC8FC4C2-8129-4B7A-8D9C-9CA7815694FB}","True","Allow","Outbound","Domain, Private, Public"
"{53ED4AA7-6656-43FC-867F-B8D26470C35E}","True","Allow","Outbound","Domain, Private, Public"
"{422FEC76-2998-4996-9AD2-10D9E47B1478}","True","Allow","Outbound","Domain, Private, Public"
"{35737B5D-A817-4AF9-8BE2-8D8A8440CFC5}","True","Allow","Outbound","Domain, Private, Public"
"{7C506C4B-2D80-49F7-9C5C-31EE4F4967B4}","True","Allow","Outbound","Domain, Private, Public"
"{56BA075F-EA85-4E64-9A26-7A45E9BBD92D}","True","Allow","Inbound","Domain, Private, Public"
"{08FDECEF-D53D-4832-8E37-228791AB00B5}","True","Allow","Outbound","Domain, Private, Public"
"{1C912502-703D-4546-B04E-44310CA04704}","True","Allow","Outbound","Domain, Private, Public"
"{4D0CF628-41EE-4D84-BEEC-067F8D3A8026}","True","Allow","Outbound","Domain, Private, Public"
"{EB36F459-7014-4D78-BF1B-E31C552FD88A}","True","Allow","Outbound","Domain, Private, Public"
"{6064F9C6-FEA5-4571-A497-2F1A9147C19E}","True","Allow","Outbound","Domain, Private, Public"
"{845A52DD-7D15-4A3F-A1C8-5E7CDD61015D}","True","Allow","Inbound","Domain, Private"
"{A7BA3BC1-64FD-4FDD-8115-93C352ED4A7A}","True","Allow","Outbound","Domain, Private, Public"
"{D9F2FE42-598C-4C3B-9FF7-4311F7E8612B}","True","Allow","Inbound","Domain, Private"
"{432B65FE-5F58-46D3-BCA0-C0B390625517}","True","Allow","Outbound","Domain, Private, Public"
"{CAC1C3D9-56EB-4EB0-950B-3EE9582026A1}","True","Allow","Inbound","Domain, Private"
"{57B1E168-B288-4CF7-93AF-C406AD9B86A0}","True","Allow","Outbound","Domain, Private, Public"
"{465E0079-E006-4E66-9190-672260E86C69}","True","Allow","Outbound","Domain, Private, Public"
"{8BCCA7F6-D804-402C-A847-7056776D8814}","True","Allow","Inbound","Domain, Private"
"{A3D76C17-4FBC-46C8-8D29-7DD6BBFFE77E}","True","Allow","Outbound","Domain, Private, Public"
"{DC5AC9BF-E262-4098-A2B8-DCC3255AB609}","True","Allow","Outbound","Domain, Private, Public"
"{170EE4AF-50C4-4D6C-87C4-941D3DCA8B50}","True","Allow","Outbound","Domain, Private, Public"
"{826272A9-A79A-4C8E-B766-61C5B811CBDE}","True","Allow","Inbound","Domain, Private"
"{4B6B7AF3-5834-49B6-9763-6CC62EA0DDB7}","True","Allow","Outbound","Domain, Private, Public"
"{F8021040-9A10-41A4-AB56-687DDB0DE62B}","True","Allow","Outbound","Domain, Private, Public"
"{F0CEF99E-83B4-408C-AC90-F821965B94BF}","True","Allow","Outbound","Domain, Private, Public"
"{53C42762-B2FF-4DA3-87B6-AD710C1EF194}","True","Allow","Outbound","Domain, Private, Public"
"{1AA0FC79-D72B-4807-8194-EA6054CD4990}","True","Allow","Outbound","Domain, Private, Public"
"{B8ED2A31-72EF-4D93-B624-19FFAF1AFFEB}","True","Allow","Inbound","Domain, Private, Public"
"{AA831E05-60CA-498D-A63D-DE3A35366809}","True","Allow","Outbound","Domain, Private, Public"
"{BC1AC8E8-A03F-4E4A-A1FC-214B1C7EB822}","True","Allow","Outbound","Domain, Private, Public"
"{4DDC3906-A5A0-436C-B7DD-4270508A5515}","True","Allow","Outbound","Domain, Private, Public"
"{CC992CCE-A683-4E38-9919-5A58A443F3EF}","True","Allow","Outbound","Domain, Private, Public"
"{0B3B508D-C368-4C24-A27F-29455E9C0016}","True","Allow","Inbound","Any"
