"EventID","MachineName","Data","Index","Category","CategoryNumber","EntryType","Message","Source","ReplacementStrings","InstanceId","TimeGenerated","TimeWritten","UserName","Site","Container"
"4798","DESKTOP-RA8FOLI","System.Byte[]","10833","(13824)","13824","SuccessAudit","A user's local group membership was enumerated.

Subject:
	Security ID:		S-1-5-21-3293570404-2096272173-3902702441-1002
	Account Name:		champuser
	Account Domain:		DESKTOP-RA8FOLI
	Logon ID:		0xe0a45

User:
	Security ID:		S-1-5-21-3293570404-2096272173-3902702441-1002
	Account Name:		champuser
	Account Domain:		DESKTOP-RA8FOLI

Process Information:
	Process ID:		0x7f8
	Process Name:		C:\Windows\explorer.exe","Microsoft-Windows-Security-Auditing","System.String[]","4798","11/13/2023 7:14:48 PM","11/13/2023 7:14:48 PM",,,
"4798","DESKTOP-RA8FOLI","System.Byte[]","10832","(13824)","13824","SuccessAudit","A user's local group membership was enumerated.

Subject:
	Security ID:		S-1-5-21-3293570404-2096272173-3902702441-1002
	Account Name:		champuser
	Account Domain:		DESKTOP-RA8FOLI
	Logon ID:		0xe0a45

User:
	Security ID:		S-1-5-21-3293570404-2096272173-3902702441-1002
	Account Name:		champuser
	Account Domain:		DESKTOP-RA8FOLI

Process Information:
	Process ID:		0x7f8
	Process Name:		C:\Windows\explorer.exe","Microsoft-Windows-Security-Auditing","System.String[]","4798","11/13/2023 7:11:27 PM","11/13/2023 7:11:27 PM",,,
"4798","DESKTOP-RA8FOLI","System.Byte[]","10831","(13824)","13824","SuccessAudit","A user's local group membership was enumerated.

Subject:
	Security ID:		S-1-5-21-3293570404-2096272173-3902702441-1002
	Account Name:		champuser
	Account Domain:		DESKTOP-RA8FOLI
	Logon ID:		0xe0a1e

User:
	Security ID:		S-1-5-21-3293570404-2096272173-3902702441-504
	Account Name:		WDAGUtilityAccount
	Account Domain:		DESKTOP-RA8FOLI

Process Information:
	Process ID:		0xc2c
	Process Name:		C:\Windows\System32\wbem\WmiPrvSE.exe","Microsoft-Windows-Security-Auditing","System.String[]","4798","11/13/2023 7:11:26 PM","11/13/2023 7:11:26 PM",,,
"4798","DESKTOP-RA8FOLI","System.Byte[]","10830","(13824)","13824","SuccessAudit","A user's local group membership was enumerated.

Subject:
	Security ID:		S-1-5-21-3293570404-2096272173-3902702441-1002
	Account Name:		champuser
	Account Domain:		DESKTOP-RA8FOLI
	Logon ID:		0xe0a1e

User:
	Security ID:		S-1-5-21-3293570404-2096272173-3902702441-501
	Account Name:		Guest
	Account Domain:		DESKTOP-RA8FOLI

Process Information:
	Process ID:		0xc2c
	Process Name:		C:\Windows\System32\wbem\WmiPrvSE.exe","Microsoft-Windows-Security-Auditing","System.String[]","4798","11/13/2023 7:11:26 PM","11/13/2023 7:11:26 PM",,,
"4798","DESKTOP-RA8FOLI","System.Byte[]","10829","(13824)","13824","SuccessAudit","A user's local group membership was enumerated.

Subject:
	Security ID:		S-1-5-21-3293570404-2096272173-3902702441-1002
	Account Name:		champuser
	Account Domain:		DESKTOP-RA8FOLI
	Logon ID:		0xe0a1e

User:
	Security ID:		S-1-5-21-3293570404-2096272173-3902702441-503
	Account Name:		DefaultAccount
	Account Domain:		DESKTOP-RA8FOLI

Process Information:
	Process ID:		0xc2c
	Process Name:		C:\Windows\System32\wbem\WmiPrvSE.exe","Microsoft-Windows-Security-Auditing","System.String[]","4798","11/13/2023 7:11:26 PM","11/13/2023 7:11:26 PM",,,
"4798","DESKTOP-RA8FOLI","System.Byte[]","10828","(13824)","13824","SuccessAudit","A user's local group membership was enumerated.

Subject:
	Security ID:		S-1-5-21-3293570404-2096272173-3902702441-1002
	Account Name:		champuser
	Account Domain:		DESKTOP-RA8FOLI
	Logon ID:		0xe0a1e

User:
	Security ID:		S-1-5-21-3293570404-2096272173-3902702441-1002
	Account Name:		champuser
	Account Domain:		DESKTOP-RA8FOLI

Process Information:
	Process ID:		0xc2c
	Process Name:		C:\Windows\System32\wbem\WmiPrvSE.exe","Microsoft-Windows-Security-Auditing","System.String[]","4798","11/13/2023 7:11:26 PM","11/13/2023 7:11:26 PM",,,
"4798","DESKTOP-RA8FOLI","System.Byte[]","10827","(13824)","13824","SuccessAudit","A user's local group membership was enumerated.

Subject:
	Security ID:		S-1-5-21-3293570404-2096272173-3902702441-1002
	Account Name:		champuser
	Account Domain:		DESKTOP-RA8FOLI
	Logon ID:		0xe0a1e

User:
	Security ID:		S-1-5-21-3293570404-2096272173-3902702441-500
	Account Name:		Administrator
	Account Domain:		DESKTOP-RA8FOLI

Process Information:
	Process ID:		0xc2c
	Process Name:		C:\Windows\System32\wbem\WmiPrvSE.exe","Microsoft-Windows-Security-Auditing","System.String[]","4798","11/13/2023 7:11:26 PM","11/13/2023 7:11:26 PM",,,
"4672","DESKTOP-RA8FOLI","System.Byte[]","10826","(12548)","12548","SuccessAudit","Special privileges assigned to new logon.

Subject:
	Security ID:		S-1-5-18
	Account Name:		SYSTEM
	Account Domain:		NT AUTHORITY
	Logon ID:		0x3e7

Privileges:		SeAssignPrimaryTokenPrivilege
			SeTcbPrivilege
			SeSecurityPrivilege
			SeTakeOwnershipPrivilege
			SeLoadDriverPrivilege
			SeBackupPrivilege
			SeRestorePrivilege
			SeDebugPrivilege
			SeAuditPrivilege
			SeSystemEnvironmentPrivilege
			SeImpersonatePrivilege
			SeDelegateSessionUserImpersonatePrivilege","Microsoft-Windows-Security-Auditing","System.String[]","4672","11/13/2023 7:00:23 PM","11/13/2023 7:00:23 PM",,,
"4624","DESKTOP-RA8FOLI","System.Byte[]","10825","(12544)","12544","SuccessAudit","An account was successfully logged on.

Subject:
	Security ID:		S-1-5-18
	Account Name:		DESKTOP-RA8FOLI$
	Account Domain:		WORKGROUP
	Logon ID:		0x3e7

Logon Information:
	Logon Type:		5
	Restricted Admin Mode:	-
	Virtual Account:		%%1843
	Elevated Token:		%%1842

Impersonation Level:		%%1833

New Logon:
	Security ID:		S-1-5-18
	Account Name:		SYSTEM
	Account Domain:		NT AUTHORITY
	Logon ID:		0x3e7
	Linked Logon ID:		0x0
	Network Account Name:	-
	Network Account Domain:	-
	Logon GUID:		{00000000-0000-0000-0000-000000000000}

Process Information:
	Process ID:		0x288
	Process Name:		C:\Windows\System32\services.exe

Network Information:
	Workstation Name:	-
	Source Network Address:	-
	Source Port:		-

Detailed Authentication Information:
	Logon Process:		Advapi  
	Authentication Package:	Negotiate
	Transited Services:	-
	Package Name (NTLM only):	-
	Key Length:		0

This event is generated when a logon session is created. It is generated on the computer that was accessed.

The subject fields indicate the account on the local system which requested the logon. This is most commonly a service such as the Server service, or a local process such as Winlogon.exe or Services.exe.

The logon type field indicates the kind of logon that occurred. The most common types are 2 (interactive) and 3 (network).

The New Logon fields indicate the account for whom the new logon was created, i.e. the account that was logged on.

The network fields indicate where a remote logon request originated. Workstation name is not always available and may be left blank in some cases.

The impersonation level field indicates the extent to which a process in the logon session can impersonate.

The authentication information fields provide detailed information about this specific logon request.
	- Logon GUID is a unique identifier that can be used to correlate this event with a KDC event.
	- Transited services indicate which intermediate services have participated in this logon request.
	- Package name indicates which sub-protocol was used among the NTLM protocols.
	- Key length indicates the length of the generated session key. This will be 0 if no session key was requested.","Microsoft-Windows-Security-Auditing","System.String[]","4624","11/13/2023 7:00:23 PM","11/13/2023 7:00:23 PM",,,
"4672","DESKTOP-RA8FOLI","System.Byte[]","10824","(12548)","12548","SuccessAudit","Special privileges assigned to new logon.

Subject:
	Security ID:		S-1-5-18
	Account Name:		SYSTEM
	Account Domain:		NT AUTHORITY
	Logon ID:		0x3e7

Privileges:		SeAssignPrimaryTokenPrivilege
			SeTcbPrivilege
			SeSecurityPrivilege
			SeTakeOwnershipPrivilege
			SeLoadDriverPrivilege
			SeBackupPrivilege
			SeRestorePrivilege
			SeDebugPrivilege
			SeAuditPrivilege
			SeSystemEnvironmentPrivilege
			SeImpersonatePrivilege
			SeDelegateSessionUserImpersonatePrivilege","Microsoft-Windows-Security-Auditing","System.String[]","4672","11/13/2023 6:55:34 PM","11/13/2023 6:55:34 PM",,,
"4624","DESKTOP-RA8FOLI","System.Byte[]","10823","(12544)","12544","SuccessAudit","An account was successfully logged on.

Subject:
	Security ID:		S-1-5-18
	Account Name:		DESKTOP-RA8FOLI$
	Account Domain:		WORKGROUP
	Logon ID:		0x3e7

Logon Information:
	Logon Type:		5
	Restricted Admin Mode:	-
	Virtual Account:		%%1843
	Elevated Token:		%%1842

Impersonation Level:		%%1833

New Logon:
	Security ID:		S-1-5-18
	Account Name:		SYSTEM
	Account Domain:		NT AUTHORITY
	Logon ID:		0x3e7
	Linked Logon ID:		0x0
	Network Account Name:	-
	Network Account Domain:	-
	Logon GUID:		{00000000-0000-0000-0000-000000000000}

Process Information:
	Process ID:		0x288
	Process Name:		C:\Windows\System32\services.exe

Network Information:
	Workstation Name:	-
	Source Network Address:	-
	Source Port:		-

Detailed Authentication Information:
	Logon Process:		Advapi  
	Authentication Package:	Negotiate
	Transited Services:	-
	Package Name (NTLM only):	-
	Key Length:		0

This event is generated when a logon session is created. It is generated on the computer that was accessed.

The subject fields indicate the account on the local system which requested the logon. This is most commonly a service such as the Server service, or a local process such as Winlogon.exe or Services.exe.

The logon type field indicates the kind of logon that occurred. The most common types are 2 (interactive) and 3 (network).

The New Logon fields indicate the account for whom the new logon was created, i.e. the account that was logged on.

The network fields indicate where a remote logon request originated. Workstation name is not always available and may be left blank in some cases.

The impersonation level field indicates the extent to which a process in the logon session can impersonate.

The authentication information fields provide detailed information about this specific logon request.
	- Logon GUID is a unique identifier that can be used to correlate this event with a KDC event.
	- Transited services indicate which intermediate services have participated in this logon request.
	- Package name indicates which sub-protocol was used among the NTLM protocols.
	- Key length indicates the length of the generated session key. This will be 0 if no session key was requested.","Microsoft-Windows-Security-Auditing","System.String[]","4624","11/13/2023 6:55:34 PM","11/13/2023 6:55:34 PM",,,
"4672","DESKTOP-RA8FOLI","System.Byte[]","10822","(12548)","12548","SuccessAudit","Special privileges assigned to new logon.

Subject:
	Security ID:		S-1-5-18
	Account Name:		SYSTEM
	Account Domain:		NT AUTHORITY
	Logon ID:		0x3e7

Privileges:		SeAssignPrimaryTokenPrivilege
			SeTcbPrivilege
			SeSecurityPrivilege
			SeTakeOwnershipPrivilege
			SeLoadDriverPrivilege
			SeBackupPrivilege
			SeRestorePrivilege
			SeDebugPrivilege
			SeAuditPrivilege
			SeSystemEnvironmentPrivilege
			SeImpersonatePrivilege
			SeDelegateSessionUserImpersonatePrivilege","Microsoft-Windows-Security-Auditing","System.String[]","4672","11/13/2023 6:55:29 PM","11/13/2023 6:55:29 PM",,,
"4624","DESKTOP-RA8FOLI","System.Byte[]","10821","(12544)","12544","SuccessAudit","An account was successfully logged on.

Subject:
	Security ID:		S-1-5-18
	Account Name:		DESKTOP-RA8FOLI$
	Account Domain:		WORKGROUP
	Logon ID:		0x3e7

Logon Information:
	Logon Type:		5
	Restricted Admin Mode:	-
	Virtual Account:		%%1843
	Elevated Token:		%%1842

Impersonation Level:		%%1833

New Logon:
	Security ID:		S-1-5-18
	Account Name:		SYSTEM
	Account Domain:		NT AUTHORITY
	Logon ID:		0x3e7
	Linked Logon ID:		0x0
	Network Account Name:	-
	Network Account Domain:	-
	Logon GUID:		{00000000-0000-0000-0000-000000000000}

Process Information:
	Process ID:		0x288
	Process Name:		C:\Windows\System32\services.exe

Network Information:
	Workstation Name:	-
	Source Network Address:	-
	Source Port:		-

Detailed Authentication Information:
	Logon Process:		Advapi  
	Authentication Package:	Negotiate
	Transited Services:	-
	Package Name (NTLM only):	-
	Key Length:		0

This event is generated when a logon session is created. It is generated on the computer that was accessed.

The subject fields indicate the account on the local system which requested the logon. This is most commonly a service such as the Server service, or a local process such as Winlogon.exe or Services.exe.

The logon type field indicates the kind of logon that occurred. The most common types are 2 (interactive) and 3 (network).

The New Logon fields indicate the account for whom the new logon was created, i.e. the account that was logged on.

The network fields indicate where a remote logon request originated. Workstation name is not always available and may be left blank in some cases.

The impersonation level field indicates the extent to which a process in the logon session can impersonate.

The authentication information fields provide detailed information about this specific logon request.
	- Logon GUID is a unique identifier that can be used to correlate this event with a KDC event.
	- Transited services indicate which intermediate services have participated in this logon request.
	- Package name indicates which sub-protocol was used among the NTLM protocols.
	- Key length indicates the length of the generated session key. This will be 0 if no session key was requested.","Microsoft-Windows-Security-Auditing","System.String[]","4624","11/13/2023 6:55:29 PM","11/13/2023 6:55:29 PM",,,
"4672","DESKTOP-RA8FOLI","System.Byte[]","10820","(12548)","12548","SuccessAudit","Special privileges assigned to new logon.

Subject:
	Security ID:		S-1-5-18
	Account Name:		SYSTEM
	Account Domain:		NT AUTHORITY
	Logon ID:		0x3e7

Privileges:		SeAssignPrimaryTokenPrivilege
			SeTcbPrivilege
			SeSecurityPrivilege
			SeTakeOwnershipPrivilege
			SeLoadDriverPrivilege
			SeBackupPrivilege
			SeRestorePrivilege
			SeDebugPrivilege
			SeAuditPrivilege
			SeSystemEnvironmentPrivilege
			SeImpersonatePrivilege
			SeDelegateSessionUserImpersonatePrivilege","Microsoft-Windows-Security-Auditing","System.String[]","4672","11/13/2023 6:55:27 PM","11/13/2023 6:55:27 PM",,,
"4624","DESKTOP-RA8FOLI","System.Byte[]","10819","(12544)","12544","SuccessAudit","An account was successfully logged on.

Subject:
	Security ID:		S-1-5-18
	Account Name:		DESKTOP-RA8FOLI$
	Account Domain:		WORKGROUP
	Logon ID:		0x3e7

Logon Information:
	Logon Type:		5
	Restricted Admin Mode:	-
	Virtual Account:		%%1843
	Elevated Token:		%%1842

Impersonation Level:		%%1833

New Logon:
	Security ID:		S-1-5-18
	Account Name:		SYSTEM
	Account Domain:		NT AUTHORITY
	Logon ID:		0x3e7
	Linked Logon ID:		0x0
	Network Account Name:	-
	Network Account Domain:	-
	Logon GUID:		{00000000-0000-0000-0000-000000000000}

Process Information:
	Process ID:		0x288
	Process Name:		C:\Windows\System32\services.exe

Network Information:
	Workstation Name:	-
	Source Network Address:	-
	Source Port:		-

Detailed Authentication Information:
	Logon Process:		Advapi  
	Authentication Package:	Negotiate
	Transited Services:	-
	Package Name (NTLM only):	-
	Key Length:		0

This event is generated when a logon session is created. It is generated on the computer that was accessed.

The subject fields indicate the account on the local system which requested the logon. This is most commonly a service such as the Server service, or a local process such as Winlogon.exe or Services.exe.

The logon type field indicates the kind of logon that occurred. The most common types are 2 (interactive) and 3 (network).

The New Logon fields indicate the account for whom the new logon was created, i.e. the account that was logged on.

The network fields indicate where a remote logon request originated. Workstation name is not always available and may be left blank in some cases.

The impersonation level field indicates the extent to which a process in the logon session can impersonate.

The authentication information fields provide detailed information about this specific logon request.
	- Logon GUID is a unique identifier that can be used to correlate this event with a KDC event.
	- Transited services indicate which intermediate services have participated in this logon request.
	- Package name indicates which sub-protocol was used among the NTLM protocols.
	- Key length indicates the length of the generated session key. This will be 0 if no session key was requested.","Microsoft-Windows-Security-Auditing","System.String[]","4624","11/13/2023 6:55:27 PM","11/13/2023 6:55:27 PM",,,
"4672","DESKTOP-RA8FOLI","System.Byte[]","10818","(12548)","12548","SuccessAudit","Special privileges assigned to new logon.

Subject:
	Security ID:		S-1-5-18
	Account Name:		SYSTEM
	Account Domain:		NT AUTHORITY
	Logon ID:		0x3e7

Privileges:		SeAssignPrimaryTokenPrivilege
			SeTcbPrivilege
			SeSecurityPrivilege
			SeTakeOwnershipPrivilege
			SeLoadDriverPrivilege
			SeBackupPrivilege
			SeRestorePrivilege
			SeDebugPrivilege
			SeAuditPrivilege
			SeSystemEnvironmentPrivilege
			SeImpersonatePrivilege
			SeDelegateSessionUserImpersonatePrivilege","Microsoft-Windows-Security-Auditing","System.String[]","4672","11/13/2023 6:55:11 PM","11/13/2023 6:55:11 PM",,,
"4624","DESKTOP-RA8FOLI","System.Byte[]","10817","(12544)","12544","SuccessAudit","An account was successfully logged on.

Subject:
	Security ID:		S-1-5-18
	Account Name:		DESKTOP-RA8FOLI$
	Account Domain:		WORKGROUP
	Logon ID:		0x3e7

Logon Information:
	Logon Type:		5
	Restricted Admin Mode:	-
	Virtual Account:		%%1843
	Elevated Token:		%%1842

Impersonation Level:		%%1833

New Logon:
	Security ID:		S-1-5-18
	Account Name:		SYSTEM
	Account Domain:		NT AUTHORITY
	Logon ID:		0x3e7
	Linked Logon ID:		0x0
	Network Account Name:	-
	Network Account Domain:	-
	Logon GUID:		{00000000-0000-0000-0000-000000000000}

Process Information:
	Process ID:		0x288
	Process Name:		C:\Windows\System32\services.exe

Network Information:
	Workstation Name:	-
	Source Network Address:	-
	Source Port:		-

Detailed Authentication Information:
	Logon Process:		Advapi  
	Authentication Package:	Negotiate
	Transited Services:	-
	Package Name (NTLM only):	-
	Key Length:		0

This event is generated when a logon session is created. It is generated on the computer that was accessed.

The subject fields indicate the account on the local system which requested the logon. This is most commonly a service such as the Server service, or a local process such as Winlogon.exe or Services.exe.

The logon type field indicates the kind of logon that occurred. The most common types are 2 (interactive) and 3 (network).

The New Logon fields indicate the account for whom the new logon was created, i.e. the account that was logged on.

The network fields indicate where a remote logon request originated. Workstation name is not always available and may be left blank in some cases.

The impersonation level field indicates the extent to which a process in the logon session can impersonate.

The authentication information fields provide detailed information about this specific logon request.
	- Logon GUID is a unique identifier that can be used to correlate this event with a KDC event.
	- Transited services indicate which intermediate services have participated in this logon request.
	- Package name indicates which sub-protocol was used among the NTLM protocols.
	- Key length indicates the length of the generated session key. This will be 0 if no session key was requested.","Microsoft-Windows-Security-Auditing","System.String[]","4624","11/13/2023 6:55:11 PM","11/13/2023 6:55:11 PM",,,
"4672","DESKTOP-RA8FOLI","System.Byte[]","10816","(12548)","12548","SuccessAudit","Special privileges assigned to new logon.

Subject:
	Security ID:		S-1-5-18
	Account Name:		SYSTEM
	Account Domain:		NT AUTHORITY
	Logon ID:		0x3e7

Privileges:		SeAssignPrimaryTokenPrivilege
			SeTcbPrivilege
			SeSecurityPrivilege
			SeTakeOwnershipPrivilege
			SeLoadDriverPrivilege
			SeBackupPrivilege
			SeRestorePrivilege
			SeDebugPrivilege
			SeAuditPrivilege
			SeSystemEnvironmentPrivilege
			SeImpersonatePrivilege
			SeDelegateSessionUserImpersonatePrivilege","Microsoft-Windows-Security-Auditing","System.String[]","4672","11/13/2023 6:55:11 PM","11/13/2023 6:55:11 PM",,,
"4624","DESKTOP-RA8FOLI","System.Byte[]","10815","(12544)","12544","SuccessAudit","An account was successfully logged on.

Subject:
	Security ID:		S-1-5-18
	Account Name:		DESKTOP-RA8FOLI$
	Account Domain:		WORKGROUP
	Logon ID:		0x3e7

Logon Information:
	Logon Type:		5
	Restricted Admin Mode:	-
	Virtual Account:		%%1843
	Elevated Token:		%%1842

Impersonation Level:		%%1833

New Logon:
	Security ID:		S-1-5-18
	Account Name:		SYSTEM
	Account Domain:		NT AUTHORITY
	Logon ID:		0x3e7
	Linked Logon ID:		0x0
	Network Account Name:	-
	Network Account Domain:	-
	Logon GUID:		{00000000-0000-0000-0000-000000000000}

Process Information:
	Process ID:		0x288
	Process Name:		C:\Windows\System32\services.exe

Network Information:
	Workstation Name:	-
	Source Network Address:	-
	Source Port:		-

Detailed Authentication Information:
	Logon Process:		Advapi  
	Authentication Package:	Negotiate
	Transited Services:	-
	Package Name (NTLM only):	-
	Key Length:		0

This event is generated when a logon session is created. It is generated on the computer that was accessed.

The subject fields indicate the account on the local system which requested the logon. This is most commonly a service such as the Server service, or a local process such as Winlogon.exe or Services.exe.

The logon type field indicates the kind of logon that occurred. The most common types are 2 (interactive) and 3 (network).

The New Logon fields indicate the account for whom the new logon was created, i.e. the account that was logged on.

The network fields indicate where a remote logon request originated. Workstation name is not always available and may be left blank in some cases.

The impersonation level field indicates the extent to which a process in the logon session can impersonate.

The authentication information fields provide detailed information about this specific logon request.
	- Logon GUID is a unique identifier that can be used to correlate this event with a KDC event.
	- Transited services indicate which intermediate services have participated in this logon request.
	- Package name indicates which sub-protocol was used among the NTLM protocols.
	- Key length indicates the length of the generated session key. This will be 0 if no session key was requested.","Microsoft-Windows-Security-Auditing","System.String[]","4624","11/13/2023 6:55:11 PM","11/13/2023 6:55:11 PM",,,
"4672","DESKTOP-RA8FOLI","System.Byte[]","10814","(12548)","12548","SuccessAudit","Special privileges assigned to new logon.

Subject:
	Security ID:		S-1-5-18
	Account Name:		SYSTEM
	Account Domain:		NT AUTHORITY
	Logon ID:		0x3e7

Privileges:		SeAssignPrimaryTokenPrivilege
			SeTcbPrivilege
			SeSecurityPrivilege
			SeTakeOwnershipPrivilege
			SeLoadDriverPrivilege
			SeBackupPrivilege
			SeRestorePrivilege
			SeDebugPrivilege
			SeAuditPrivilege
			SeSystemEnvironmentPrivilege
			SeImpersonatePrivilege
			SeDelegateSessionUserImpersonatePrivilege","Microsoft-Windows-Security-Auditing","System.String[]","4672","11/13/2023 6:55:11 PM","11/13/2023 6:55:11 PM",,,
"4624","DESKTOP-RA8FOLI","System.Byte[]","10813","(12544)","12544","SuccessAudit","An account was successfully logged on.

Subject:
	Security ID:		S-1-5-18
	Account Name:		DESKTOP-RA8FOLI$
	Account Domain:		WORKGROUP
	Logon ID:		0x3e7

Logon Information:
	Logon Type:		5
	Restricted Admin Mode:	-
	Virtual Account:		%%1843
	Elevated Token:		%%1842

Impersonation Level:		%%1833

New Logon:
	Security ID:		S-1-5-18
	Account Name:		SYSTEM
	Account Domain:		NT AUTHORITY
	Logon ID:		0x3e7
	Linked Logon ID:		0x0
	Network Account Name:	-
	Network Account Domain:	-
	Logon GUID:		{00000000-0000-0000-0000-000000000000}

Process Information:
	Process ID:		0x288
	Process Name:		C:\Windows\System32\services.exe

Network Information:
	Workstation Name:	-
	Source Network Address:	-
	Source Port:		-

Detailed Authentication Information:
	Logon Process:		Advapi  
	Authentication Package:	Negotiate
	Transited Services:	-
	Package Name (NTLM only):	-
	Key Length:		0

This event is generated when a logon session is created. It is generated on the computer that was accessed.

The subject fields indicate the account on the local system which requested the logon. This is most commonly a service such as the Server service, or a local process such as Winlogon.exe or Services.exe.

The logon type field indicates the kind of logon that occurred. The most common types are 2 (interactive) and 3 (network).

The New Logon fields indicate the account for whom the new logon was created, i.e. the account that was logged on.

The network fields indicate where a remote logon request originated. Workstation name is not always available and may be left blank in some cases.

The impersonation level field indicates the extent to which a process in the logon session can impersonate.

The authentication information fields provide detailed information about this specific logon request.
	- Logon GUID is a unique identifier that can be used to correlate this event with a KDC event.
	- Transited services indicate which intermediate services have participated in this logon request.
	- Package name indicates which sub-protocol was used among the NTLM protocols.
	- Key length indicates the length of the generated session key. This will be 0 if no session key was requested.","Microsoft-Windows-Security-Auditing","System.String[]","4624","11/13/2023 6:55:11 PM","11/13/2023 6:55:11 PM",,,
"5379","DESKTOP-RA8FOLI","System.Byte[]","10812","(13824)","13824","SuccessAudit","Credential Manager credentials were read.

Subject:
	Security ID:		S-1-5-21-3293570404-2096272173-3902702441-1002
	Account Name:		champuser
	Account Domain:		DESKTOP-RA8FOLI
	Logon ID:		0xe0a45
	Read Operation:		%%8100

This event occurs when a user performs a read operation on stored credentials in Credential Manager.","Microsoft-Windows-Security-Auditing","System.String[]","5379","11/13/2023 6:55:10 PM","11/13/2023 6:55:10 PM",,,
"5379","DESKTOP-RA8FOLI","System.Byte[]","10811","(13824)","13824","SuccessAudit","Credential Manager credentials were read.

Subject:
	Security ID:		S-1-5-21-3293570404-2096272173-3902702441-1002
	Account Name:		champuser
	Account Domain:		DESKTOP-RA8FOLI
	Logon ID:		0xe0a45
	Read Operation:		%%8100

This event occurs when a user performs a read operation on stored credentials in Credential Manager.","Microsoft-Windows-Security-Auditing","System.String[]","5379","11/13/2023 6:55:10 PM","11/13/2023 6:55:10 PM",,,
"5379","DESKTOP-RA8FOLI","System.Byte[]","10810","(13824)","13824","SuccessAudit","Credential Manager credentials were read.

Subject:
	Security ID:		S-1-5-21-3293570404-2096272173-3902702441-1002
	Account Name:		champuser
	Account Domain:		DESKTOP-RA8FOLI
	Logon ID:		0xe0a45
	Read Operation:		%%8100

This event occurs when a user performs a read operation on stored credentials in Credential Manager.","Microsoft-Windows-Security-Auditing","System.String[]","5379","11/13/2023 6:55:10 PM","11/13/2023 6:55:10 PM",,,
"5379","DESKTOP-RA8FOLI","System.Byte[]","10809","(13824)","13824","SuccessAudit","Credential Manager credentials were read.

Subject:
	Security ID:		S-1-5-21-3293570404-2096272173-3902702441-1002
	Account Name:		champuser
	Account Domain:		DESKTOP-RA8FOLI
	Logon ID:		0xe0a45
	Read Operation:		%%8100

This event occurs when a user performs a read operation on stored credentials in Credential Manager.","Microsoft-Windows-Security-Auditing","System.String[]","5379","11/13/2023 6:55:10 PM","11/13/2023 6:55:10 PM",,,
"5379","DESKTOP-RA8FOLI","System.Byte[]","10808","(13824)","13824","SuccessAudit","Credential Manager credentials were read.

Subject:
	Security ID:		S-1-5-21-3293570404-2096272173-3902702441-1002
	Account Name:		champuser
	Account Domain:		DESKTOP-RA8FOLI
	Logon ID:		0xe0a45
	Read Operation:		%%8100

This event occurs when a user performs a read operation on stored credentials in Credential Manager.","Microsoft-Windows-Security-Auditing","System.String[]","5379","11/13/2023 6:55:09 PM","11/13/2023 6:55:09 PM",,,
"5379","DESKTOP-RA8FOLI","System.Byte[]","10807","(13824)","13824","SuccessAudit","Credential Manager credentials were read.

Subject:
	Security ID:		S-1-5-21-3293570404-2096272173-3902702441-1002
	Account Name:		champuser
	Account Domain:		DESKTOP-RA8FOLI
	Logon ID:		0xe0a45
	Read Operation:		%%8100

This event occurs when a user performs a read operation on stored credentials in Credential Manager.","Microsoft-Windows-Security-Auditing","System.String[]","5379","11/13/2023 6:55:09 PM","11/13/2023 6:55:09 PM",,,
"5379","DESKTOP-RA8FOLI","System.Byte[]","10806","(13824)","13824","SuccessAudit","Credential Manager credentials were read.

Subject:
	Security ID:		S-1-5-21-3293570404-2096272173-3902702441-1002
	Account Name:		champuser
	Account Domain:		DESKTOP-RA8FOLI
	Logon ID:		0xe0a45
	Read Operation:		%%8100

This event occurs when a user performs a read operation on stored credentials in Credential Manager.","Microsoft-Windows-Security-Auditing","System.String[]","5379","11/13/2023 6:55:09 PM","11/13/2023 6:55:09 PM",,,
"5379","DESKTOP-RA8FOLI","System.Byte[]","10805","(13824)","13824","SuccessAudit","Credential Manager credentials were read.

Subject:
	Security ID:		S-1-5-21-3293570404-2096272173-3902702441-1002
	Account Name:		champuser
	Account Domain:		DESKTOP-RA8FOLI
	Logon ID:		0xe0a45
	Read Operation:		%%8100

This event occurs when a user performs a read operation on stored credentials in Credential Manager.","Microsoft-Windows-Security-Auditing","System.String[]","5379","11/13/2023 6:55:09 PM","11/13/2023 6:55:09 PM",,,
"5379","DESKTOP-RA8FOLI","System.Byte[]","10804","(13824)","13824","SuccessAudit","Credential Manager credentials were read.

Subject:
	Security ID:		S-1-5-21-3293570404-2096272173-3902702441-1002
	Account Name:		champuser
	Account Domain:		DESKTOP-RA8FOLI
	Logon ID:		0xe0a45
	Read Operation:		%%8100

This event occurs when a user performs a read operation on stored credentials in Credential Manager.","Microsoft-Windows-Security-Auditing","System.String[]","5379","11/13/2023 6:55:09 PM","11/13/2023 6:55:09 PM",,,
"5379","DESKTOP-RA8FOLI","System.Byte[]","10803","(13824)","13824","SuccessAudit","Credential Manager credentials were read.

Subject:
	Security ID:		S-1-5-21-3293570404-2096272173-3902702441-1002
	Account Name:		champuser
	Account Domain:		DESKTOP-RA8FOLI
	Logon ID:		0xe0a45
	Read Operation:		%%8100

This event occurs when a user performs a read operation on stored credentials in Credential Manager.","Microsoft-Windows-Security-Auditing","System.String[]","5379","11/13/2023 6:55:09 PM","11/13/2023 6:55:09 PM",,,
"5379","DESKTOP-RA8FOLI","System.Byte[]","10802","(13824)","13824","SuccessAudit","Credential Manager credentials were read.

Subject:
	Security ID:		S-1-5-18
	Account Name:		DESKTOP-RA8FOLI$
	Account Domain:		WORKGROUP
	Logon ID:		0x3e7
	Read Operation:		%%8100

This event occurs when a user performs a read operation on stored credentials in Credential Manager.","Microsoft-Windows-Security-Auditing","System.String[]","5379","11/13/2023 6:55:09 PM","11/13/2023 6:55:09 PM",,,
"5379","DESKTOP-RA8FOLI","System.Byte[]","10801","(13824)","13824","SuccessAudit","Credential Manager credentials were read.

Subject:
	Security ID:		S-1-5-18
	Account Name:		DESKTOP-RA8FOLI$
	Account Domain:		WORKGROUP
	Logon ID:		0x3e7
	Read Operation:		%%8100

This event occurs when a user performs a read operation on stored credentials in Credential Manager.","Microsoft-Windows-Security-Auditing","System.String[]","5379","11/13/2023 6:55:09 PM","11/13/2023 6:55:09 PM",,,
"5379","DESKTOP-RA8FOLI","System.Byte[]","10800","(13824)","13824","SuccessAudit","Credential Manager credentials were read.

Subject:
	Security ID:		S-1-5-18
	Account Name:		DESKTOP-RA8FOLI$
	Account Domain:		WORKGROUP
	Logon ID:		0x3e7
	Read Operation:		%%8100

This event occurs when a user performs a read operation on stored credentials in Credential Manager.","Microsoft-Windows-Security-Auditing","System.String[]","5379","11/13/2023 6:55:09 PM","11/13/2023 6:55:09 PM",,,
"4672","DESKTOP-RA8FOLI","System.Byte[]","10799","(12548)","12548","SuccessAudit","Special privileges assigned to new logon.

Subject:
	Security ID:		S-1-5-18
	Account Name:		SYSTEM
	Account Domain:		NT AUTHORITY
	Logon ID:		0x3e7

Privileges:		SeAssignPrimaryTokenPrivilege
			SeTcbPrivilege
			SeSecurityPrivilege
			SeTakeOwnershipPrivilege
			SeLoadDriverPrivilege
			SeBackupPrivilege
			SeRestorePrivilege
			SeDebugPrivilege
			SeAuditPrivilege
			SeSystemEnvironmentPrivilege
			SeImpersonatePrivilege
			SeDelegateSessionUserImpersonatePrivilege","Microsoft-Windows-Security-Auditing","System.String[]","4672","11/13/2023 6:55:09 PM","11/13/2023 6:55:09 PM",,,
"4624","DESKTOP-RA8FOLI","System.Byte[]","10798","(12544)","12544","SuccessAudit","An account was successfully logged on.

Subject:
	Security ID:		S-1-5-18
	Account Name:		DESKTOP-RA8FOLI$
	Account Domain:		WORKGROUP
	Logon ID:		0x3e7

Logon Information:
	Logon Type:		5
	Restricted Admin Mode:	-
	Virtual Account:		%%1843
	Elevated Token:		%%1842

Impersonation Level:		%%1833

New Logon:
	Security ID:		S-1-5-18
	Account Name:		SYSTEM
	Account Domain:		NT AUTHORITY
	Logon ID:		0x3e7
	Linked Logon ID:		0x0
	Network Account Name:	-
	Network Account Domain:	-
	Logon GUID:		{00000000-0000-0000-0000-000000000000}

Process Information:
	Process ID:		0x288
	Process Name:		C:\Windows\System32\services.exe

Network Information:
	Workstation Name:	-
	Source Network Address:	-
	Source Port:		-

Detailed Authentication Information:
	Logon Process:		Advapi  
	Authentication Package:	Negotiate
	Transited Services:	-
	Package Name (NTLM only):	-
	Key Length:		0

This event is generated when a logon session is created. It is generated on the computer that was accessed.

The subject fields indicate the account on the local system which requested the logon. This is most commonly a service such as the Server service, or a local process such as Winlogon.exe or Services.exe.

The logon type field indicates the kind of logon that occurred. The most common types are 2 (interactive) and 3 (network).

The New Logon fields indicate the account for whom the new logon was created, i.e. the account that was logged on.

The network fields indicate where a remote logon request originated. Workstation name is not always available and may be left blank in some cases.

The impersonation level field indicates the extent to which a process in the logon session can impersonate.

The authentication information fields provide detailed information about this specific logon request.
	- Logon GUID is a unique identifier that can be used to correlate this event with a KDC event.
	- Transited services indicate which intermediate services have participated in this logon request.
	- Package name indicates which sub-protocol was used among the NTLM protocols.
	- Key length indicates the length of the generated session key. This will be 0 if no session key was requested.","Microsoft-Windows-Security-Auditing","System.String[]","4624","11/13/2023 6:55:09 PM","11/13/2023 6:55:09 PM",,,
"4798","DESKTOP-RA8FOLI","System.Byte[]","10797","(13824)","13824","SuccessAudit","A user's local group membership was enumerated.

Subject:
	Security ID:		S-1-5-21-3293570404-2096272173-3902702441-1002
	Account Name:		champuser
	Account Domain:		DESKTOP-RA8FOLI
	Logon ID:		0xe0a45

User:
	Security ID:		S-1-5-21-3293570404-2096272173-3902702441-1002
	Account Name:		champuser
	Account Domain:		DESKTOP-RA8FOLI

Process Information:
	Process ID:		0x7f8
	Process Name:		C:\Windows\explorer.exe","Microsoft-Windows-Security-Auditing","System.String[]","4798","11/13/2023 6:55:02 PM","11/13/2023 6:55:02 PM",,,
"4798","DESKTOP-RA8FOLI","System.Byte[]","10796","(13824)","13824","SuccessAudit","A user's local group membership was enumerated.

Subject:
	Security ID:		S-1-5-21-3293570404-2096272173-3902702441-1002
	Account Name:		champuser
	Account Domain:		DESKTOP-RA8FOLI
	Logon ID:		0xe0a1e

User:
	Security ID:		S-1-5-21-3293570404-2096272173-3902702441-504
	Account Name:		WDAGUtilityAccount
	Account Domain:		DESKTOP-RA8FOLI

Process Information:
	Process ID:		0xc2c
	Process Name:		C:\Windows\System32\wbem\WmiPrvSE.exe","Microsoft-Windows-Security-Auditing","System.String[]","4798","11/13/2023 6:55:02 PM","11/13/2023 6:55:02 PM",,,
"4798","DESKTOP-RA8FOLI","System.Byte[]","10795","(13824)","13824","SuccessAudit","A user's local group membership was enumerated.

Subject:
	Security ID:		S-1-5-21-3293570404-2096272173-3902702441-1002
	Account Name:		champuser
	Account Domain:		DESKTOP-RA8FOLI
	Logon ID:		0xe0a1e

User:
	Security ID:		S-1-5-21-3293570404-2096272173-3902702441-501
	Account Name:		Guest
	Account Domain:		DESKTOP-RA8FOLI

Process Information:
	Process ID:		0xc2c
	Process Name:		C:\Windows\System32\wbem\WmiPrvSE.exe","Microsoft-Windows-Security-Auditing","System.String[]","4798","11/13/2023 6:55:02 PM","11/13/2023 6:55:02 PM",,,
"4798","DESKTOP-RA8FOLI","System.Byte[]","10794","(13824)","13824","SuccessAudit","A user's local group membership was enumerated.

Subject:
	Security ID:		S-1-5-21-3293570404-2096272173-3902702441-1002
	Account Name:		champuser
	Account Domain:		DESKTOP-RA8FOLI
	Logon ID:		0xe0a1e

User:
	Security ID:		S-1-5-21-3293570404-2096272173-3902702441-503
	Account Name:		DefaultAccount
	Account Domain:		DESKTOP-RA8FOLI

Process Information:
	Process ID:		0xc2c
	Process Name:		C:\Windows\System32\wbem\WmiPrvSE.exe","Microsoft-Windows-Security-Auditing","System.String[]","4798","11/13/2023 6:55:02 PM","11/13/2023 6:55:02 PM",,,
"4798","DESKTOP-RA8FOLI","System.Byte[]","10793","(13824)","13824","SuccessAudit","A user's local group membership was enumerated.

Subject:
	Security ID:		S-1-5-21-3293570404-2096272173-3902702441-1002
	Account Name:		champuser
	Account Domain:		DESKTOP-RA8FOLI
	Logon ID:		0xe0a1e

User:
	Security ID:		S-1-5-21-3293570404-2096272173-3902702441-1002
	Account Name:		champuser
	Account Domain:		DESKTOP-RA8FOLI

Process Information:
	Process ID:		0xc2c
	Process Name:		C:\Windows\System32\wbem\WmiPrvSE.exe","Microsoft-Windows-Security-Auditing","System.String[]","4798","11/13/2023 6:55:02 PM","11/13/2023 6:55:02 PM",,,
"4798","DESKTOP-RA8FOLI","System.Byte[]","10792","(13824)","13824","SuccessAudit","A user's local group membership was enumerated.

Subject:
	Security ID:		S-1-5-21-3293570404-2096272173-3902702441-1002
	Account Name:		champuser
	Account Domain:		DESKTOP-RA8FOLI
	Logon ID:		0xe0a1e

User:
	Security ID:		S-1-5-21-3293570404-2096272173-3902702441-500
	Account Name:		Administrator
	Account Domain:		DESKTOP-RA8FOLI

Process Information:
	Process ID:		0xc2c
	Process Name:		C:\Windows\System32\wbem\WmiPrvSE.exe","Microsoft-Windows-Security-Auditing","System.String[]","4798","11/13/2023 6:55:02 PM","11/13/2023 6:55:02 PM",,,
"4798","DESKTOP-RA8FOLI","System.Byte[]","10791","(13824)","13824","SuccessAudit","A user's local group membership was enumerated.

Subject:
	Security ID:		S-1-5-21-3293570404-2096272173-3902702441-1002
	Account Name:		champuser
	Account Domain:		DESKTOP-RA8FOLI
	Logon ID:		0xe0a45

User:
	Security ID:		S-1-5-21-3293570404-2096272173-3902702441-1002
	Account Name:		champuser
	Account Domain:		DESKTOP-RA8FOLI

Process Information:
	Process ID:		0x7f8
	Process Name:		C:\Windows\explorer.exe","Microsoft-Windows-Security-Auditing","System.String[]","4798","11/13/2023 6:54:38 PM","11/13/2023 6:54:38 PM",,,
"4799","DESKTOP-RA8FOLI","System.Byte[]","10790","(13826)","13826","SuccessAudit","A security-enabled local group membership was enumerated.

Subject:
	Security ID:		S-1-5-18
	Account Name:		DESKTOP-RA8FOLI$
	Account Domain:		WORKGROUP
	Logon ID:		0x3e7

Group:
	Security ID:		S-1-5-32-551
	Group Name:		Backup Operators
	Group Domain:		Builtin

Process Information:
	Process ID:		0xb0c
	Process Name:		C:\Windows\System32\svchost.exe","Microsoft-Windows-Security-Auditing","System.String[]","4799","11/13/2023 6:54:05 PM","11/13/2023 6:54:05 PM",,,
"4799","DESKTOP-RA8FOLI","System.Byte[]","10789","(13826)","13826","SuccessAudit","A security-enabled local group membership was enumerated.

Subject:
	Security ID:		S-1-5-18
	Account Name:		DESKTOP-RA8FOLI$
	Account Domain:		WORKGROUP
	Logon ID:		0x3e7

Group:
	Security ID:		S-1-5-32-544
	Group Name:		Administrators
	Group Domain:		Builtin

Process Information:
	Process ID:		0xb0c
	Process Name:		C:\Windows\System32\svchost.exe","Microsoft-Windows-Security-Auditing","System.String[]","4799","11/13/2023 6:54:05 PM","11/13/2023 6:54:05 PM",,,
"4672","DESKTOP-RA8FOLI","System.Byte[]","10788","(12548)","12548","SuccessAudit","Special privileges assigned to new logon.

Subject:
	Security ID:		S-1-5-18
	Account Name:		SYSTEM
	Account Domain:		NT AUTHORITY
	Logon ID:		0x3e7

Privileges:		SeAssignPrimaryTokenPrivilege
			SeTcbPrivilege
			SeSecurityPrivilege
			SeTakeOwnershipPrivilege
			SeLoadDriverPrivilege
			SeBackupPrivilege
			SeRestorePrivilege
			SeDebugPrivilege
			SeAuditPrivilege
			SeSystemEnvironmentPrivilege
			SeImpersonatePrivilege
			SeDelegateSessionUserImpersonatePrivilege","Microsoft-Windows-Security-Auditing","System.String[]","4672","11/13/2023 6:54:03 PM","11/13/2023 6:54:03 PM",,,
"4624","DESKTOP-RA8FOLI","System.Byte[]","10787","(12544)","12544","SuccessAudit","An account was successfully logged on.

Subject:
	Security ID:		S-1-5-18
	Account Name:		DESKTOP-RA8FOLI$
	Account Domain:		WORKGROUP
	Logon ID:		0x3e7

Logon Information:
	Logon Type:		5
	Restricted Admin Mode:	-
	Virtual Account:		%%1843
	Elevated Token:		%%1842

Impersonation Level:		%%1833

New Logon:
	Security ID:		S-1-5-18
	Account Name:		SYSTEM
	Account Domain:		NT AUTHORITY
	Logon ID:		0x3e7
	Linked Logon ID:		0x0
	Network Account Name:	-
	Network Account Domain:	-
	Logon GUID:		{00000000-0000-0000-0000-000000000000}

Process Information:
	Process ID:		0x288
	Process Name:		C:\Windows\System32\services.exe

Network Information:
	Workstation Name:	-
	Source Network Address:	-
	Source Port:		-

Detailed Authentication Information:
	Logon Process:		Advapi  
	Authentication Package:	Negotiate
	Transited Services:	-
	Package Name (NTLM only):	-
	Key Length:		0

This event is generated when a logon session is created. It is generated on the computer that was accessed.

The subject fields indicate the account on the local system which requested the logon. This is most commonly a service such as the Server service, or a local process such as Winlogon.exe or Services.exe.

The logon type field indicates the kind of logon that occurred. The most common types are 2 (interactive) and 3 (network).

The New Logon fields indicate the account for whom the new logon was created, i.e. the account that was logged on.

The network fields indicate where a remote logon request originated. Workstation name is not always available and may be left blank in some cases.

The impersonation level field indicates the extent to which a process in the logon session can impersonate.

The authentication information fields provide detailed information about this specific logon request.
	- Logon GUID is a unique identifier that can be used to correlate this event with a KDC event.
	- Transited services indicate which intermediate services have participated in this logon request.
	- Package name indicates which sub-protocol was used among the NTLM protocols.
	- Key length indicates the length of the generated session key. This will be 0 if no session key was requested.","Microsoft-Windows-Security-Auditing","System.String[]","4624","11/13/2023 6:54:03 PM","11/13/2023 6:54:03 PM",,,
"4798","DESKTOP-RA8FOLI","System.Byte[]","10786","(13824)","13824","SuccessAudit","A user's local group membership was enumerated.

Subject:
	Security ID:		S-1-5-21-3293570404-2096272173-3902702441-1002
	Account Name:		champuser
	Account Domain:		DESKTOP-RA8FOLI
	Logon ID:		0xe0a45

User:
	Security ID:		S-1-5-21-3293570404-2096272173-3902702441-1002
	Account Name:		champuser
	Account Domain:		DESKTOP-RA8FOLI

Process Information:
	Process ID:		0x7f8
	Process Name:		C:\Windows\explorer.exe","Microsoft-Windows-Security-Auditing","System.String[]","4798","11/13/2023 6:53:08 PM","11/13/2023 6:53:08 PM",,,
"4798","DESKTOP-RA8FOLI","System.Byte[]","10785","(13824)","13824","SuccessAudit","A user's local group membership was enumerated.

Subject:
	Security ID:		S-1-5-21-3293570404-2096272173-3902702441-1002
	Account Name:		champuser
	Account Domain:		DESKTOP-RA8FOLI
	Logon ID:		0xe0a1e

User:
	Security ID:		S-1-5-21-3293570404-2096272173-3902702441-504
	Account Name:		WDAGUtilityAccount
	Account Domain:		DESKTOP-RA8FOLI

Process Information:
	Process ID:		0xc2c
	Process Name:		C:\Windows\System32\wbem\WmiPrvSE.exe","Microsoft-Windows-Security-Auditing","System.String[]","4798","11/13/2023 6:53:07 PM","11/13/2023 6:53:07 PM",,,
"4798","DESKTOP-RA8FOLI","System.Byte[]","10784","(13824)","13824","SuccessAudit","A user's local group membership was enumerated.

Subject:
	Security ID:		S-1-5-21-3293570404-2096272173-3902702441-1002
	Account Name:		champuser
	Account Domain:		DESKTOP-RA8FOLI
	Logon ID:		0xe0a1e

User:
	Security ID:		S-1-5-21-3293570404-2096272173-3902702441-501
	Account Name:		Guest
	Account Domain:		DESKTOP-RA8FOLI

Process Information:
	Process ID:		0xc2c
	Process Name:		C:\Windows\System32\wbem\WmiPrvSE.exe","Microsoft-Windows-Security-Auditing","System.String[]","4798","11/13/2023 6:53:07 PM","11/13/2023 6:53:07 PM",,,
